model,module,app,table,field,field_type,parent,through_model,related_names,primary_key,max_length,unique,null,related_model,foreign_type,default,on_delete,is_m2m_field,auto_now
Confirmation,confirmation.models,confirmation,confirmation_confirmation,prereg_user,GenericRel,confirmation_confirmation,,,,,,,zerver_preregistrationuser,GenericRelation,,DO_NOTHING,no,
Confirmation,confirmation.models,confirmation,confirmation_confirmation,id,AutoField,confirmation_confirmation,,,TRUE,,FALSE,FALSE,,,,,no,
Confirmation,confirmation.models,confirmation,confirmation_confirmation,content_type,ForeignKey,confirmation_confirmation,,,FALSE,,FALSE,FALSE,django_content_type,,,CASCADE,no,
Confirmation,confirmation.models,confirmation,confirmation_confirmation,object_id,PositiveIntegerField,confirmation_confirmation,,,FALSE,,FALSE,FALSE,,,,,no,
Confirmation,confirmation.models,confirmation,confirmation_confirmation,date_sent,DateTimeField,confirmation_confirmation,,,FALSE,,FALSE,FALSE,,,,,no,
Confirmation,confirmation.models,confirmation,confirmation_confirmation,confirmation_key,CharField,confirmation_confirmation,,,FALSE,40,FALSE,FALSE,,,,,no,
Confirmation,confirmation.models,confirmation,confirmation_confirmation,expiry_date,DateTimeField,confirmation_confirmation,,,FALSE,,FALSE,FALSE,,,,,no,
Confirmation,confirmation.models,confirmation,confirmation_confirmation,realm,ForeignKey,confirmation_confirmation,,,FALSE,,FALSE,TRUE,zerver_realm,,,CASCADE,no,
Confirmation,confirmation.models,confirmation,confirmation_confirmation,type,PositiveSmallIntegerField,confirmation_confirmation,,,FALSE,,FALSE,FALSE,,,,,no,
Confirmation,confirmation.models,confirmation,confirmation_confirmation,content_object,GenericForeignKey,confirmation_confirmation,,,,,,,,,,,no,
RealmCreationKey,confirmation.models,confirmation,confirmation_realmcreationkey,id,AutoField,confirmation_realmcreationkey,,,TRUE,,FALSE,FALSE,,,,,no,
RealmCreationKey,confirmation.models,confirmation,confirmation_realmcreationkey,creation_key,CharField,confirmation_realmcreationkey,,,FALSE,40,FALSE,FALSE,,,,,no,
RealmCreationKey,confirmation.models,confirmation,confirmation_realmcreationkey,date_created,DateTimeField,confirmation_realmcreationkey,,,FALSE,,FALSE,FALSE,,,<function now at 0x7f8bbb015ee0>,,no,
RealmCreationKey,confirmation.models,confirmation,confirmation_realmcreationkey,presume_email_valid,BooleanField,confirmation_realmcreationkey,,,FALSE,,FALSE,FALSE,,,FALSE,,no,
Realm,zerver.models,zerver,zerver_realm,confirmation,ManyToOneRel,zerver_realm,,,,,,,confirmation_confirmation,ForeignKey,,CASCADE,no,
Realm,zerver.models,zerver,zerver_realm,realmdomain,ManyToOneRel,zerver_realm,,,,,,,zerver_realmdomain,ForeignKey,,CASCADE,no,
Realm,zerver.models,zerver,zerver_realm,realmemoji,ManyToOneRel,zerver_realm,,,,,,,zerver_realmemoji,ForeignKey,,CASCADE,no,
Realm,zerver.models,zerver,zerver_realm,realmfilter,ManyToOneRel,zerver_realm,,,,,,,zerver_realmfilter,ForeignKey,,CASCADE,no,
Realm,zerver.models,zerver,zerver_realm,realmplayground,ManyToOneRel,zerver_realm,,,,,,,zerver_realmplayground,ForeignKey,,CASCADE,no,
Realm,zerver.models,zerver,zerver_realm,realmuserdefault,ManyToOneRel,zerver_realm,,,,,,,zerver_realmuserdefault,ForeignKey,,CASCADE,no,
Realm,zerver.models,zerver,zerver_realm,userprofile,ManyToOneRel,zerver_realm,,,,,,,zerver_userprofile,ForeignKey,,CASCADE,no,
Realm,zerver.models,zerver,zerver_realm,usergroup,ManyToOneRel,zerver_realm,,,,,,,zerver_usergroup,ForeignKey,,CASCADE,no,
Realm,zerver.models,zerver,zerver_realm,preregistrationuser,ManyToOneRel,zerver_realm,,,,,,,zerver_preregistrationuser,ForeignKey,,CASCADE,no,
Realm,zerver.models,zerver,zerver_realm,multiuseinvite,ManyToOneRel,zerver_realm,,,,,,,zerver_multiuseinvite,ForeignKey,,CASCADE,no,
Realm,zerver.models,zerver,zerver_realm,emailchangestatus,ManyToOneRel,zerver_realm,,,,,,,zerver_emailchangestatus,ForeignKey,,CASCADE,no,
Realm,zerver.models,zerver,zerver_realm,stream,ManyToOneRel,zerver_realm,,,,,,,zerver_stream,ForeignKey,,CASCADE,no,
Realm,zerver.models,zerver,zerver_realm,archivetransaction,ManyToOneRel,zerver_realm,,,,,,,zerver_archivetransaction,ForeignKey,,CASCADE,no,
Realm,zerver.models,zerver,zerver_realm,archivedattachment,ManyToOneRel,zerver_realm,,,,,,,zerver_archivedattachment,ForeignKey,,CASCADE,no,
Realm,zerver.models,zerver,zerver_realm,attachment,ManyToOneRel,zerver_realm,,,,,,,zerver_attachment,ForeignKey,,CASCADE,no,
Realm,zerver.models,zerver,zerver_realm,userpresence,ManyToOneRel,zerver_realm,,,,,,,zerver_userpresence,ForeignKey,,CASCADE,no,
Realm,zerver.models,zerver,zerver_realm,defaultstream,ManyToOneRel,zerver_realm,,,,,,,zerver_defaultstream,ForeignKey,,CASCADE,no,
Realm,zerver.models,zerver,zerver_realm,defaultstreamgroup,ManyToOneRel,zerver_realm,,,,,,,zerver_defaultstreamgroup,ForeignKey,,CASCADE,no,
Realm,zerver.models,zerver,zerver_realm,scheduledemail,ManyToOneRel,zerver_realm,,,,,,,zerver_scheduledemail,ForeignKey,,CASCADE,no,
Realm,zerver.models,zerver,zerver_realm,scheduledmessage,ManyToOneRel,zerver_realm,,,,,,,zerver_scheduledmessage,ForeignKey,,CASCADE,no,
Realm,zerver.models,zerver,zerver_realm,realmauditlog,ManyToOneRel,zerver_realm,,,,,,,zerver_realmauditlog,ForeignKey,,CASCADE,no,
Realm,zerver.models,zerver,zerver_realm,customprofilefield,ManyToOneRel,zerver_realm,,,,,,,zerver_customprofilefield,ForeignKey,,CASCADE,no,
Realm,zerver.models,zerver,zerver_realm,alertword,ManyToOneRel,zerver_realm,,,,,,,zerver_alertword,ForeignKey,,CASCADE,no,
Realm,zerver.models,zerver,zerver_realm,scimclient,ManyToOneRel,zerver_realm,,,,,,,zerver_scimclient,ForeignKey,,CASCADE,no,
Realm,zerver.models,zerver,zerver_realm,realmcount,ManyToOneRel,zerver_realm,,,,,,,analytics_realmcount,ForeignKey,,CASCADE,no,
Realm,zerver.models,zerver,zerver_realm,usercount,ManyToOneRel,zerver_realm,,,,,,,analytics_usercount,ForeignKey,,CASCADE,no,
Realm,zerver.models,zerver,zerver_realm,streamcount,ManyToOneRel,zerver_realm,,,,,,,analytics_streamcount,ForeignKey,,CASCADE,no,
Realm,zerver.models,zerver,zerver_realm,id,AutoField,zerver_realm,,,TRUE,,FALSE,FALSE,,,,,no,
Realm,zerver.models,zerver,zerver_realm,name,CharField,zerver_realm,,,FALSE,40,FALSE,TRUE,,,,,no,
Realm,zerver.models,zerver,zerver_realm,description,TextField,zerver_realm,,,FALSE,,FALSE,TRUE,,,,,no,
Realm,zerver.models,zerver,zerver_realm,string_id,CharField,zerver_realm,,,FALSE,40,TRUE,TRUE,,,,,no,
Realm,zerver.models,zerver,zerver_realm,date_created,DateTimeField,zerver_realm,,,FALSE,,FALSE,FALSE,,,<function now at 0x7f8bbb015ee0>,,no,
Realm,zerver.models,zerver,zerver_realm,demo_organization_scheduled_deletion_date,DateTimeField,zerver_realm,,,FALSE,,FALSE,TRUE,,,,,no,
Realm,zerver.models,zerver,zerver_realm,deactivated,BooleanField,zerver_realm,,,FALSE,,FALSE,FALSE,,,FALSE,,no,
Realm,zerver.models,zerver,zerver_realm,deactivated_redirect,URLField,zerver_realm,,,FALSE,128,FALSE,TRUE,,,,,no,
Realm,zerver.models,zerver,zerver_realm,emails_restricted_to_domains,BooleanField,zerver_realm,,,FALSE,,FALSE,FALSE,,,FALSE,,no,
Realm,zerver.models,zerver,zerver_realm,invite_required,BooleanField,zerver_realm,,,FALSE,,FALSE,FALSE,,,TRUE,,no,
Realm,zerver.models,zerver,zerver_realm,_max_invites,IntegerField,zerver_realm,,,FALSE,,FALSE,TRUE,,,,,no,
Realm,zerver.models,zerver,zerver_realm,disallow_disposable_email_addresses,BooleanField,zerver_realm,,,FALSE,,FALSE,FALSE,,,TRUE,,no,
Realm,zerver.models,zerver,zerver_realm,authentication_methods,BitField,zerver_realm,,,FALSE,,FALSE,FALSE,,,2147483647,,no,
Realm,zerver.models,zerver,zerver_realm,enable_spectator_access,BooleanField,zerver_realm,,,FALSE,,FALSE,FALSE,,,FALSE,,no,
Realm,zerver.models,zerver,zerver_realm,inline_image_preview,BooleanField,zerver_realm,,,FALSE,,FALSE,FALSE,,,TRUE,,no,
Realm,zerver.models,zerver,zerver_realm,inline_url_embed_preview,BooleanField,zerver_realm,,,FALSE,,FALSE,FALSE,,,FALSE,,no,
Realm,zerver.models,zerver,zerver_realm,digest_emails_enabled,BooleanField,zerver_realm,,,FALSE,,FALSE,FALSE,,,FALSE,,no,
Realm,zerver.models,zerver,zerver_realm,digest_weekday,SmallIntegerField,zerver_realm,,,FALSE,,FALSE,FALSE,,,1,,no,
Realm,zerver.models,zerver,zerver_realm,send_welcome_emails,BooleanField,zerver_realm,,,FALSE,,FALSE,FALSE,,,TRUE,,no,
Realm,zerver.models,zerver,zerver_realm,message_content_allowed_in_email_notifications,BooleanField,zerver_realm,,,FALSE,,FALSE,FALSE,,,TRUE,,no,
Realm,zerver.models,zerver,zerver_realm,mandatory_topics,BooleanField,zerver_realm,,,FALSE,,FALSE,FALSE,,,FALSE,,no,
Realm,zerver.models,zerver,zerver_realm,name_changes_disabled,BooleanField,zerver_realm,,,FALSE,,FALSE,FALSE,,,FALSE,,no,
Realm,zerver.models,zerver,zerver_realm,email_changes_disabled,BooleanField,zerver_realm,,,FALSE,,FALSE,FALSE,,,FALSE,,no,
Realm,zerver.models,zerver,zerver_realm,avatar_changes_disabled,BooleanField,zerver_realm,,,FALSE,,FALSE,FALSE,,,FALSE,,no,
Realm,zerver.models,zerver,zerver_realm,add_custom_emoji_policy,PositiveSmallIntegerField,zerver_realm,,,FALSE,,FALSE,FALSE,,,1,,no,
Realm,zerver.models,zerver,zerver_realm,create_public_stream_policy,PositiveSmallIntegerField,zerver_realm,,,FALSE,,FALSE,FALSE,,,1,,no,
Realm,zerver.models,zerver,zerver_realm,create_private_stream_policy,PositiveSmallIntegerField,zerver_realm,,,FALSE,,FALSE,FALSE,,,1,,no,
Realm,zerver.models,zerver,zerver_realm,create_web_public_stream_policy,PositiveSmallIntegerField,zerver_realm,,,FALSE,,FALSE,FALSE,,,7,,no,
Realm,zerver.models,zerver,zerver_realm,delete_own_message_policy,PositiveSmallIntegerField,zerver_realm,,,FALSE,,FALSE,FALSE,,,2,,no,
Realm,zerver.models,zerver,zerver_realm,edit_topic_policy,PositiveSmallIntegerField,zerver_realm,,,FALSE,,FALSE,FALSE,,,5,,no,
Realm,zerver.models,zerver,zerver_realm,invite_to_realm_policy,PositiveSmallIntegerField,zerver_realm,,,FALSE,,FALSE,FALSE,,,1,,no,
Realm,zerver.models,zerver,zerver_realm,invite_to_stream_policy,PositiveSmallIntegerField,zerver_realm,,,FALSE,,FALSE,FALSE,,,1,,no,
Realm,zerver.models,zerver,zerver_realm,move_messages_between_streams_policy,PositiveSmallIntegerField,zerver_realm,,,FALSE,,FALSE,FALSE,,,2,,no,
Realm,zerver.models,zerver,zerver_realm,user_group_edit_policy,PositiveSmallIntegerField,zerver_realm,,,FALSE,,FALSE,FALSE,,,1,,no,
Realm,zerver.models,zerver,zerver_realm,private_message_policy,PositiveSmallIntegerField,zerver_realm,,,FALSE,,FALSE,FALSE,,,1,,no,
Realm,zerver.models,zerver,zerver_realm,wildcard_mention_policy,PositiveSmallIntegerField,zerver_realm,,,FALSE,,FALSE,FALSE,,,4,,no,
Realm,zerver.models,zerver,zerver_realm,email_address_visibility,PositiveSmallIntegerField,zerver_realm,,,FALSE,,FALSE,FALSE,,,1,,no,
Realm,zerver.models,zerver,zerver_realm,waiting_period_threshold,PositiveIntegerField,zerver_realm,,,FALSE,,FALSE,FALSE,,,0,,no,
Realm,zerver.models,zerver,zerver_realm,message_content_delete_limit_seconds,PositiveIntegerField,zerver_realm,,,FALSE,,FALSE,TRUE,,,600,,no,
Realm,zerver.models,zerver,zerver_realm,allow_message_editing,BooleanField,zerver_realm,,,FALSE,,FALSE,FALSE,,,TRUE,,no,
Realm,zerver.models,zerver,zerver_realm,message_content_edit_limit_seconds,IntegerField,zerver_realm,,,FALSE,,FALSE,FALSE,,,600,,no,
Realm,zerver.models,zerver,zerver_realm,allow_edit_history,BooleanField,zerver_realm,,,FALSE,,FALSE,FALSE,,,TRUE,,no,
Realm,zerver.models,zerver,zerver_realm,default_language,CharField,zerver_realm,,,FALSE,50,FALSE,FALSE,,,en,,no,
Realm,zerver.models,zerver,zerver_realm,notifications_stream,ForeignKey,zerver_realm,,+,FALSE,,FALSE,TRUE,zerver_stream,,,SET_NULL,no,
Realm,zerver.models,zerver,zerver_realm,signup_notifications_stream,ForeignKey,zerver_realm,,+,FALSE,,FALSE,TRUE,zerver_stream,,,SET_NULL,no,
Realm,zerver.models,zerver,zerver_realm,message_retention_days,IntegerField,zerver_realm,,,FALSE,,FALSE,TRUE,,,-1,,no,
Realm,zerver.models,zerver,zerver_realm,message_visibility_limit,IntegerField,zerver_realm,,,FALSE,,FALSE,TRUE,,,,,no,
Realm,zerver.models,zerver,zerver_realm,first_visible_message_id,IntegerField,zerver_realm,,,FALSE,,FALSE,FALSE,,,0,,no,
Realm,zerver.models,zerver,zerver_realm,org_type,PositiveSmallIntegerField,zerver_realm,,,FALSE,,FALSE,FALSE,,,0,,no,
Realm,zerver.models,zerver,zerver_realm,plan_type,PositiveSmallIntegerField,zerver_realm,,,FALSE,,FALSE,FALSE,,,1,,no,
Realm,zerver.models,zerver,zerver_realm,bot_creation_policy,PositiveSmallIntegerField,zerver_realm,,,FALSE,,FALSE,FALSE,,,1,,no,
Realm,zerver.models,zerver,zerver_realm,upload_quota_gb,IntegerField,zerver_realm,,,FALSE,,FALSE,TRUE,,,,,no,
Realm,zerver.models,zerver,zerver_realm,video_chat_provider,PositiveSmallIntegerField,zerver_realm,,,FALSE,,FALSE,FALSE,,,1,,no,
Realm,zerver.models,zerver,zerver_realm,giphy_rating,PositiveSmallIntegerField,zerver_realm,,,FALSE,,FALSE,FALSE,,,2,,no,
Realm,zerver.models,zerver,zerver_realm,default_code_block_language,TextField,zerver_realm,,,FALSE,,FALSE,TRUE,,,,,no,
Realm,zerver.models,zerver,zerver_realm,icon_source,CharField,zerver_realm,,,FALSE,1,FALSE,FALSE,,,G,,no,
Realm,zerver.models,zerver,zerver_realm,icon_version,PositiveSmallIntegerField,zerver_realm,,,FALSE,,FALSE,FALSE,,,1,,no,
Realm,zerver.models,zerver,zerver_realm,logo_source,CharField,zerver_realm,,,FALSE,1,FALSE,FALSE,,,D,,no,
Realm,zerver.models,zerver,zerver_realm,logo_version,PositiveSmallIntegerField,zerver_realm,,,FALSE,,FALSE,FALSE,,,1,,no,
Realm,zerver.models,zerver,zerver_realm,night_logo_source,CharField,zerver_realm,,,FALSE,1,FALSE,FALSE,,,D,,no,
Realm,zerver.models,zerver,zerver_realm,night_logo_version,PositiveSmallIntegerField,zerver_realm,,,FALSE,,FALSE,FALSE,,,1,,no,
RealmDomain,zerver.models,zerver,zerver_realmdomain,id,AutoField,zerver_realmdomain,,,TRUE,,FALSE,FALSE,,,,,no,
RealmDomain,zerver.models,zerver,zerver_realmdomain,realm,ForeignKey,zerver_realmdomain,,,FALSE,,FALSE,FALSE,zerver_realm,,,CASCADE,no,
RealmDomain,zerver.models,zerver,zerver_realmdomain,domain,CharField,zerver_realmdomain,,,FALSE,80,FALSE,FALSE,,,,,no,
RealmDomain,zerver.models,zerver,zerver_realmdomain,allow_subdomains,BooleanField,zerver_realmdomain,,,FALSE,,FALSE,FALSE,,,FALSE,,no,
RealmEmoji,zerver.models,zerver,zerver_realmemoji,id,AutoField,zerver_realmemoji,,,TRUE,,FALSE,FALSE,,,,,no,
RealmEmoji,zerver.models,zerver,zerver_realmemoji,author,ForeignKey,zerver_realmemoji,,,FALSE,,FALSE,TRUE,zerver_userprofile,,,CASCADE,no,
RealmEmoji,zerver.models,zerver,zerver_realmemoji,realm,ForeignKey,zerver_realmemoji,,,FALSE,,FALSE,FALSE,zerver_realm,,,CASCADE,no,
RealmEmoji,zerver.models,zerver,zerver_realmemoji,name,TextField,zerver_realmemoji,,,FALSE,,FALSE,FALSE,,,,,no,
RealmEmoji,zerver.models,zerver,zerver_realmemoji,file_name,TextField,zerver_realmemoji,,,FALSE,,FALSE,TRUE,,,,,no,
RealmEmoji,zerver.models,zerver,zerver_realmemoji,is_animated,BooleanField,zerver_realmemoji,,,FALSE,,FALSE,FALSE,,,FALSE,,no,
RealmEmoji,zerver.models,zerver,zerver_realmemoji,deactivated,BooleanField,zerver_realmemoji,,,FALSE,,FALSE,FALSE,,,FALSE,,no,
RealmFilter,zerver.models,zerver,zerver_realmfilter,id,AutoField,zerver_realmfilter,,,TRUE,,FALSE,FALSE,,,,,no,
RealmFilter,zerver.models,zerver,zerver_realmfilter,realm,ForeignKey,zerver_realmfilter,,,FALSE,,FALSE,FALSE,zerver_realm,,,CASCADE,no,
RealmFilter,zerver.models,zerver,zerver_realmfilter,pattern,TextField,zerver_realmfilter,,,FALSE,,FALSE,FALSE,,,,,no,
RealmFilter,zerver.models,zerver,zerver_realmfilter,url_format_string,TextField,zerver_realmfilter,,,FALSE,,FALSE,FALSE,,,,,no,
RealmPlayground,zerver.models,zerver,zerver_realmplayground,id,AutoField,zerver_realmplayground,,,TRUE,,FALSE,FALSE,,,,,no,
RealmPlayground,zerver.models,zerver,zerver_realmplayground,realm,ForeignKey,zerver_realmplayground,,,FALSE,,FALSE,FALSE,zerver_realm,,,CASCADE,no,
RealmPlayground,zerver.models,zerver,zerver_realmplayground,url_prefix,TextField,zerver_realmplayground,,,FALSE,,FALSE,FALSE,,,,,no,
RealmPlayground,zerver.models,zerver,zerver_realmplayground,name,TextField,zerver_realmplayground,,,FALSE,,FALSE,FALSE,,,,,no,
RealmPlayground,zerver.models,zerver,zerver_realmplayground,pygments_language,CharField,zerver_realmplayground,,,FALSE,40,FALSE,FALSE,,,,,no,
Recipient,zerver.models,zerver,zerver_recipient,userprofile,ManyToOneRel,zerver_recipient,,,,,,,zerver_userprofile,ForeignKey,,SET_NULL,no,
Recipient,zerver.models,zerver,zerver_recipient,stream,ManyToOneRel,zerver_recipient,,,,,,,zerver_stream,ForeignKey,,SET_NULL,no,
Recipient,zerver.models,zerver,zerver_recipient,usertopic,ManyToOneRel,zerver_recipient,,,,,,,zerver_usertopic,ForeignKey,,CASCADE,no,
Recipient,zerver.models,zerver,zerver_recipient,archivedmessage,ManyToOneRel,zerver_recipient,,,,,,,zerver_archivedmessage,ForeignKey,,CASCADE,no,
Recipient,zerver.models,zerver,zerver_recipient,message,ManyToOneRel,zerver_recipient,,,,,,,zerver_message,ForeignKey,,CASCADE,no,
Recipient,zerver.models,zerver,zerver_recipient,draft,ManyToOneRel,zerver_recipient,,,,,,,zerver_draft,ForeignKey,,SET_NULL,no,
Recipient,zerver.models,zerver,zerver_recipient,subscription,ManyToOneRel,zerver_recipient,,,,,,,zerver_subscription,ForeignKey,,CASCADE,no,
Recipient,zerver.models,zerver,zerver_recipient,huddle,ManyToOneRel,zerver_recipient,,,,,,,zerver_huddle,ForeignKey,,SET_NULL,no,
Recipient,zerver.models,zerver,zerver_recipient,scheduledmessage,ManyToOneRel,zerver_recipient,,,,,,,zerver_scheduledmessage,ForeignKey,,CASCADE,no,
Recipient,zerver.models,zerver,zerver_recipient,id,AutoField,zerver_recipient,,,TRUE,,FALSE,FALSE,,,,,no,
Recipient,zerver.models,zerver,zerver_recipient,type_id,IntegerField,zerver_recipient,,,FALSE,,FALSE,FALSE,,,,,no,
Recipient,zerver.models,zerver,zerver_recipient,type,PositiveSmallIntegerField,zerver_recipient,,,FALSE,,FALSE,FALSE,,,,,no,
RealmUserDefault,zerver.models,zerver,zerver_realmuserdefault,id,AutoField,zerver_realmuserdefault,,,TRUE,,FALSE,FALSE,,,,,no,
RealmUserDefault,zerver.models,zerver,zerver_realmuserdefault,enter_sends,BooleanField,zerver_userbasesettings,,,FALSE,,FALSE,TRUE,,,FALSE,,no,
RealmUserDefault,zerver.models,zerver,zerver_realmuserdefault,left_side_userlist,BooleanField,zerver_userbasesettings,,,FALSE,,FALSE,FALSE,,,FALSE,,no,
RealmUserDefault,zerver.models,zerver,zerver_realmuserdefault,default_language,CharField,zerver_userbasesettings,,,FALSE,50,FALSE,FALSE,,,en,,no,
RealmUserDefault,zerver.models,zerver,zerver_realmuserdefault,default_view,TextField,zerver_userbasesettings,,,FALSE,,FALSE,FALSE,,,recent_topics,,no,
RealmUserDefault,zerver.models,zerver,zerver_realmuserdefault,escape_navigates_to_default_view,BooleanField,zerver_userbasesettings,,,FALSE,,FALSE,FALSE,,,TRUE,,no,
RealmUserDefault,zerver.models,zerver,zerver_realmuserdefault,dense_mode,BooleanField,zerver_userbasesettings,,,FALSE,,FALSE,FALSE,,,TRUE,,no,
RealmUserDefault,zerver.models,zerver,zerver_realmuserdefault,fluid_layout_width,BooleanField,zerver_userbasesettings,,,FALSE,,FALSE,FALSE,,,FALSE,,no,
RealmUserDefault,zerver.models,zerver,zerver_realmuserdefault,high_contrast_mode,BooleanField,zerver_userbasesettings,,,FALSE,,FALSE,FALSE,,,FALSE,,no,
RealmUserDefault,zerver.models,zerver,zerver_realmuserdefault,translate_emoticons,BooleanField,zerver_userbasesettings,,,FALSE,,FALSE,FALSE,,,FALSE,,no,
RealmUserDefault,zerver.models,zerver,zerver_realmuserdefault,twenty_four_hour_time,BooleanField,zerver_userbasesettings,,,FALSE,,FALSE,FALSE,,,FALSE,,no,
RealmUserDefault,zerver.models,zerver,zerver_realmuserdefault,starred_message_counts,BooleanField,zerver_userbasesettings,,,FALSE,,FALSE,FALSE,,,TRUE,,no,
RealmUserDefault,zerver.models,zerver,zerver_realmuserdefault,color_scheme,PositiveSmallIntegerField,zerver_userbasesettings,,,FALSE,,FALSE,FALSE,,,1,,no,
RealmUserDefault,zerver.models,zerver,zerver_realmuserdefault,demote_inactive_streams,PositiveSmallIntegerField,zerver_userbasesettings,,,FALSE,,FALSE,FALSE,,,1,,no,
RealmUserDefault,zerver.models,zerver,zerver_realmuserdefault,emojiset,CharField,zerver_userbasesettings,,,FALSE,20,FALSE,FALSE,,,google,,no,
RealmUserDefault,zerver.models,zerver,zerver_realmuserdefault,email_notifications_batching_period_seconds,IntegerField,zerver_userbasesettings,,,FALSE,,FALSE,FALSE,,,120,,no,
RealmUserDefault,zerver.models,zerver,zerver_realmuserdefault,enable_stream_desktop_notifications,BooleanField,zerver_userbasesettings,,,FALSE,,FALSE,FALSE,,,FALSE,,no,
RealmUserDefault,zerver.models,zerver,zerver_realmuserdefault,enable_stream_email_notifications,BooleanField,zerver_userbasesettings,,,FALSE,,FALSE,FALSE,,,FALSE,,no,
RealmUserDefault,zerver.models,zerver,zerver_realmuserdefault,enable_stream_push_notifications,BooleanField,zerver_userbasesettings,,,FALSE,,FALSE,FALSE,,,FALSE,,no,
RealmUserDefault,zerver.models,zerver,zerver_realmuserdefault,enable_stream_audible_notifications,BooleanField,zerver_userbasesettings,,,FALSE,,FALSE,FALSE,,,FALSE,,no,
RealmUserDefault,zerver.models,zerver,zerver_realmuserdefault,notification_sound,CharField,zerver_userbasesettings,,,FALSE,20,FALSE,FALSE,,,zulip,,no,
RealmUserDefault,zerver.models,zerver,zerver_realmuserdefault,wildcard_mentions_notify,BooleanField,zerver_userbasesettings,,,FALSE,,FALSE,FALSE,,,TRUE,,no,
RealmUserDefault,zerver.models,zerver,zerver_realmuserdefault,enable_desktop_notifications,BooleanField,zerver_userbasesettings,,,FALSE,,FALSE,FALSE,,,TRUE,,no,
RealmUserDefault,zerver.models,zerver,zerver_realmuserdefault,pm_content_in_desktop_notifications,BooleanField,zerver_userbasesettings,,,FALSE,,FALSE,FALSE,,,TRUE,,no,
RealmUserDefault,zerver.models,zerver,zerver_realmuserdefault,enable_sounds,BooleanField,zerver_userbasesettings,,,FALSE,,FALSE,FALSE,,,TRUE,,no,
RealmUserDefault,zerver.models,zerver,zerver_realmuserdefault,enable_offline_email_notifications,BooleanField,zerver_userbasesettings,,,FALSE,,FALSE,FALSE,,,TRUE,,no,
RealmUserDefault,zerver.models,zerver,zerver_realmuserdefault,message_content_in_email_notifications,BooleanField,zerver_userbasesettings,,,FALSE,,FALSE,FALSE,,,TRUE,,no,
RealmUserDefault,zerver.models,zerver,zerver_realmuserdefault,enable_offline_push_notifications,BooleanField,zerver_userbasesettings,,,FALSE,,FALSE,FALSE,,,TRUE,,no,
RealmUserDefault,zerver.models,zerver,zerver_realmuserdefault,enable_online_push_notifications,BooleanField,zerver_userbasesettings,,,FALSE,,FALSE,FALSE,,,TRUE,,no,
RealmUserDefault,zerver.models,zerver,zerver_realmuserdefault,desktop_icon_count_display,PositiveSmallIntegerField,zerver_userbasesettings,,,FALSE,,FALSE,FALSE,,,1,,no,
RealmUserDefault,zerver.models,zerver,zerver_realmuserdefault,enable_digest_emails,BooleanField,zerver_userbasesettings,,,FALSE,,FALSE,FALSE,,,TRUE,,no,
RealmUserDefault,zerver.models,zerver,zerver_realmuserdefault,enable_login_emails,BooleanField,zerver_userbasesettings,,,FALSE,,FALSE,FALSE,,,TRUE,,no,
RealmUserDefault,zerver.models,zerver,zerver_realmuserdefault,enable_marketing_emails,BooleanField,zerver_userbasesettings,,,FALSE,,FALSE,FALSE,,,TRUE,,no,
RealmUserDefault,zerver.models,zerver,zerver_realmuserdefault,realm_name_in_notifications,BooleanField,zerver_userbasesettings,,,FALSE,,FALSE,FALSE,,,FALSE,,no,
RealmUserDefault,zerver.models,zerver,zerver_realmuserdefault,presence_enabled,BooleanField,zerver_userbasesettings,,,FALSE,,FALSE,FALSE,,,TRUE,,no,
RealmUserDefault,zerver.models,zerver,zerver_realmuserdefault,enable_drafts_synchronization,BooleanField,zerver_userbasesettings,,,FALSE,,FALSE,FALSE,,,TRUE,,no,
RealmUserDefault,zerver.models,zerver,zerver_realmuserdefault,send_stream_typing_notifications,BooleanField,zerver_userbasesettings,,,FALSE,,FALSE,FALSE,,,TRUE,,no,
RealmUserDefault,zerver.models,zerver,zerver_realmuserdefault,send_private_typing_notifications,BooleanField,zerver_userbasesettings,,,FALSE,,FALSE,FALSE,,,TRUE,,no,
RealmUserDefault,zerver.models,zerver,zerver_realmuserdefault,send_read_receipts,BooleanField,zerver_userbasesettings,,,FALSE,,FALSE,FALSE,,,TRUE,,no,
RealmUserDefault,zerver.models,zerver,zerver_realmuserdefault,realm,ForeignKey,zerver_realmuserdefault,,,FALSE,,FALSE,FALSE,zerver_realm,,,CASCADE,no,
UserProfile,zerver.models,zerver,zerver_userprofile,realmemoji,ManyToOneRel,zerver_userprofile,,,,,,,zerver_realmemoji,ForeignKey,,CASCADE,no,
UserProfile,zerver.models,zerver,zerver_userprofile,userprofile,ManyToOneRel,zerver_userprofile,,,,,,,zerver_userprofile,ForeignKey,,SET_NULL,no,
UserProfile,zerver.models,zerver,zerver_userprofile,direct_groups,ManyToManyRel,zerver_userprofile,,,,,,,zerver_usergroup,ManyToManyField,,,no,
UserProfile,zerver.models,zerver,zerver_userprofile,preregistrationuser,ManyToOneRel,zerver_userprofile,,,,,,,zerver_preregistrationuser,ForeignKey,,CASCADE,no,
UserProfile,zerver.models,zerver,zerver_userprofile,multiuseinvite,ManyToOneRel,zerver_userprofile,,,,,,,zerver_multiuseinvite,ForeignKey,,CASCADE,no,
UserProfile,zerver.models,zerver,zerver_userprofile,emailchangestatus,ManyToOneRel,zerver_userprofile,,,,,,,zerver_emailchangestatus,ForeignKey,,CASCADE,no,
UserProfile,zerver.models,zerver,zerver_userprofile,pushdevicetoken,ManyToOneRel,zerver_userprofile,,,,,,,zerver_pushdevicetoken,ForeignKey,,CASCADE,no,
UserProfile,zerver.models,zerver,zerver_userprofile,usertopic,ManyToOneRel,zerver_userprofile,,,,,,,zerver_usertopic,ForeignKey,,CASCADE,no,
UserProfile,zerver.models,zerver,zerver_userprofile,archivedmessage,ManyToOneRel,zerver_userprofile,,,,,,,zerver_archivedmessage,ForeignKey,,CASCADE,no,
UserProfile,zerver.models,zerver,zerver_userprofile,message,ManyToOneRel,zerver_userprofile,,,,,,,zerver_message,ForeignKey,,CASCADE,no,
UserProfile,zerver.models,zerver,zerver_userprofile,submessage,ManyToOneRel,zerver_userprofile,,,,,,,zerver_submessage,ForeignKey,,CASCADE,no,
UserProfile,zerver.models,zerver,zerver_userprofile,archivedsubmessage,ManyToOneRel,zerver_userprofile,,,,,,,zerver_archivedsubmessage,ForeignKey,,CASCADE,no,
UserProfile,zerver.models,zerver,zerver_userprofile,draft,ManyToOneRel,zerver_userprofile,,,,,,,zerver_draft,ForeignKey,,CASCADE,no,
UserProfile,zerver.models,zerver,zerver_userprofile,reaction,ManyToOneRel,zerver_userprofile,,,,,,,zerver_reaction,ForeignKey,,CASCADE,no,
UserProfile,zerver.models,zerver,zerver_userprofile,archivedreaction,ManyToOneRel,zerver_userprofile,,,,,,,zerver_archivedreaction,ForeignKey,,CASCADE,no,
UserProfile,zerver.models,zerver,zerver_userprofile,usermessage,ManyToOneRel,zerver_userprofile,,,,,,,zerver_usermessage,ForeignKey,,CASCADE,no,
UserProfile,zerver.models,zerver,zerver_userprofile,archivedusermessage,ManyToOneRel,zerver_userprofile,,,,,,,zerver_archivedusermessage,ForeignKey,,CASCADE,no,
UserProfile,zerver.models,zerver,zerver_userprofile,archivedattachment,ManyToOneRel,zerver_userprofile,,,,,,,zerver_archivedattachment,ForeignKey,,CASCADE,no,
UserProfile,zerver.models,zerver,zerver_userprofile,attachment,ManyToOneRel,zerver_userprofile,,,,,,,zerver_attachment,ForeignKey,,CASCADE,no,
UserProfile,zerver.models,zerver,zerver_userprofile,subscription,ManyToOneRel,zerver_userprofile,,,,,,,zerver_subscription,ForeignKey,,CASCADE,no,
UserProfile,zerver.models,zerver,zerver_userprofile,useractivity,ManyToOneRel,zerver_userprofile,,,,,,,zerver_useractivity,ForeignKey,,CASCADE,no,
UserProfile,zerver.models,zerver,zerver_userprofile,useractivityinterval,ManyToOneRel,zerver_userprofile,,,,,,,zerver_useractivityinterval,ForeignKey,,CASCADE,no,
UserProfile,zerver.models,zerver,zerver_userprofile,userpresence,ManyToOneRel,zerver_userprofile,,,,,,,zerver_userpresence,ForeignKey,,CASCADE,no,
UserProfile,zerver.models,zerver,zerver_userprofile,userstatus,OneToOneRel,zerver_userprofile,,,,,,,zerver_userstatus,OneToOneField,,CASCADE,no,
UserProfile,zerver.models,zerver,zerver_userprofile,scheduledemail,ManyToManyRel,zerver_userprofile,,,,,,,zerver_scheduledemail,ManyToManyField,,,no,
UserProfile,zerver.models,zerver,zerver_userprofile,missedmessageemailaddress,ManyToOneRel,zerver_userprofile,,,,,,,zerver_missedmessageemailaddress,ForeignKey,,CASCADE,no,
UserProfile,zerver.models,zerver,zerver_userprofile,scheduledmessagenotificationemail,ManyToOneRel,zerver_userprofile,,,,,,,zerver_scheduledmessagenotificationemail,ForeignKey,,CASCADE,no,
UserProfile,zerver.models,zerver,zerver_userprofile,scheduledmessage,ManyToOneRel,zerver_userprofile,,,,,,,zerver_scheduledmessage,ForeignKey,,CASCADE,no,
UserProfile,zerver.models,zerver,zerver_userprofile,userhotspot,ManyToOneRel,zerver_userprofile,,,,,,,zerver_userhotspot,ForeignKey,,CASCADE,no,
UserProfile,zerver.models,zerver,zerver_userprofile,customprofilefieldvalue,ManyToOneRel,zerver_userprofile,,,,,,,zerver_customprofilefieldvalue,ForeignKey,,CASCADE,no,
UserProfile,zerver.models,zerver,zerver_userprofile,service,ManyToOneRel,zerver_userprofile,,,,,,,zerver_service,ForeignKey,,CASCADE,no,
UserProfile,zerver.models,zerver,zerver_userprofile,botstoragedata,ManyToOneRel,zerver_userprofile,,,,,,,zerver_botstoragedata,ForeignKey,,CASCADE,no,
UserProfile,zerver.models,zerver,zerver_userprofile,botconfigdata,ManyToOneRel,zerver_userprofile,,,,,,,zerver_botconfigdata,ForeignKey,,CASCADE,no,
UserProfile,zerver.models,zerver,zerver_userprofile,alertword,ManyToOneRel,zerver_userprofile,,,,,,,zerver_alertword,ForeignKey,,CASCADE,no,
UserProfile,zerver.models,zerver,zerver_userprofile,social_auth,ManyToOneRel,zerver_userprofile,,,,,,,social_auth_usersocialauth,ForeignKey,,CASCADE,no,
UserProfile,zerver.models,zerver,zerver_userprofile,staticdevice,ManyToOneRel,zerver_userprofile,,,,,,,otp_static_staticdevice,ForeignKey,,CASCADE,no,
UserProfile,zerver.models,zerver,zerver_userprofile,totpdevice,ManyToOneRel,zerver_userprofile,,,,,,,otp_totp_totpdevice,ForeignKey,,CASCADE,no,
UserProfile,zerver.models,zerver,zerver_userprofile,phonedevice,ManyToOneRel,zerver_userprofile,,,,,,,two_factor_phonedevice,ForeignKey,,CASCADE,no,
UserProfile,zerver.models,zerver,zerver_userprofile,usercount,ManyToOneRel,zerver_userprofile,,,,,,,analytics_usercount,ForeignKey,,CASCADE,no,
UserProfile,zerver.models,zerver,zerver_userprofile,id,AutoField,zerver_userprofile,,,TRUE,,FALSE,FALSE,,,,,no,
UserProfile,zerver.models,zerver,zerver_userprofile,password,CharField,auth_abstractbaseuser,,,FALSE,128,FALSE,FALSE,,,,,no,
UserProfile,zerver.models,zerver,zerver_userprofile,last_login,DateTimeField,auth_abstractbaseuser,,,FALSE,,FALSE,TRUE,,,,,no,
UserProfile,zerver.models,zerver,zerver_userprofile,is_superuser,BooleanField,auth_permissionsmixin,,,FALSE,,FALSE,FALSE,,,FALSE,,no,
UserProfile,zerver.models,zerver,zerver_userprofile,enter_sends,BooleanField,zerver_userbasesettings,,,FALSE,,FALSE,TRUE,,,FALSE,,no,
UserProfile,zerver.models,zerver,zerver_userprofile,left_side_userlist,BooleanField,zerver_userbasesettings,,,FALSE,,FALSE,FALSE,,,FALSE,,no,
UserProfile,zerver.models,zerver,zerver_userprofile,default_language,CharField,zerver_userbasesettings,,,FALSE,50,FALSE,FALSE,,,en,,no,
UserProfile,zerver.models,zerver,zerver_userprofile,default_view,TextField,zerver_userbasesettings,,,FALSE,,FALSE,FALSE,,,recent_topics,,no,
UserProfile,zerver.models,zerver,zerver_userprofile,escape_navigates_to_default_view,BooleanField,zerver_userbasesettings,,,FALSE,,FALSE,FALSE,,,TRUE,,no,
UserProfile,zerver.models,zerver,zerver_userprofile,dense_mode,BooleanField,zerver_userbasesettings,,,FALSE,,FALSE,FALSE,,,TRUE,,no,
UserProfile,zerver.models,zerver,zerver_userprofile,fluid_layout_width,BooleanField,zerver_userbasesettings,,,FALSE,,FALSE,FALSE,,,FALSE,,no,
UserProfile,zerver.models,zerver,zerver_userprofile,high_contrast_mode,BooleanField,zerver_userbasesettings,,,FALSE,,FALSE,FALSE,,,FALSE,,no,
UserProfile,zerver.models,zerver,zerver_userprofile,translate_emoticons,BooleanField,zerver_userbasesettings,,,FALSE,,FALSE,FALSE,,,FALSE,,no,
UserProfile,zerver.models,zerver,zerver_userprofile,twenty_four_hour_time,BooleanField,zerver_userbasesettings,,,FALSE,,FALSE,FALSE,,,FALSE,,no,
UserProfile,zerver.models,zerver,zerver_userprofile,starred_message_counts,BooleanField,zerver_userbasesettings,,,FALSE,,FALSE,FALSE,,,TRUE,,no,
UserProfile,zerver.models,zerver,zerver_userprofile,color_scheme,PositiveSmallIntegerField,zerver_userbasesettings,,,FALSE,,FALSE,FALSE,,,1,,no,
UserProfile,zerver.models,zerver,zerver_userprofile,demote_inactive_streams,PositiveSmallIntegerField,zerver_userbasesettings,,,FALSE,,FALSE,FALSE,,,1,,no,
UserProfile,zerver.models,zerver,zerver_userprofile,emojiset,CharField,zerver_userbasesettings,,,FALSE,20,FALSE,FALSE,,,google,,no,
UserProfile,zerver.models,zerver,zerver_userprofile,email_notifications_batching_period_seconds,IntegerField,zerver_userbasesettings,,,FALSE,,FALSE,FALSE,,,120,,no,
UserProfile,zerver.models,zerver,zerver_userprofile,enable_stream_desktop_notifications,BooleanField,zerver_userbasesettings,,,FALSE,,FALSE,FALSE,,,FALSE,,no,
UserProfile,zerver.models,zerver,zerver_userprofile,enable_stream_email_notifications,BooleanField,zerver_userbasesettings,,,FALSE,,FALSE,FALSE,,,FALSE,,no,
UserProfile,zerver.models,zerver,zerver_userprofile,enable_stream_push_notifications,BooleanField,zerver_userbasesettings,,,FALSE,,FALSE,FALSE,,,FALSE,,no,
UserProfile,zerver.models,zerver,zerver_userprofile,enable_stream_audible_notifications,BooleanField,zerver_userbasesettings,,,FALSE,,FALSE,FALSE,,,FALSE,,no,
UserProfile,zerver.models,zerver,zerver_userprofile,notification_sound,CharField,zerver_userbasesettings,,,FALSE,20,FALSE,FALSE,,,zulip,,no,
UserProfile,zerver.models,zerver,zerver_userprofile,wildcard_mentions_notify,BooleanField,zerver_userbasesettings,,,FALSE,,FALSE,FALSE,,,TRUE,,no,
UserProfile,zerver.models,zerver,zerver_userprofile,enable_desktop_notifications,BooleanField,zerver_userbasesettings,,,FALSE,,FALSE,FALSE,,,TRUE,,no,
UserProfile,zerver.models,zerver,zerver_userprofile,pm_content_in_desktop_notifications,BooleanField,zerver_userbasesettings,,,FALSE,,FALSE,FALSE,,,TRUE,,no,
UserProfile,zerver.models,zerver,zerver_userprofile,enable_sounds,BooleanField,zerver_userbasesettings,,,FALSE,,FALSE,FALSE,,,TRUE,,no,
UserProfile,zerver.models,zerver,zerver_userprofile,enable_offline_email_notifications,BooleanField,zerver_userbasesettings,,,FALSE,,FALSE,FALSE,,,TRUE,,no,
UserProfile,zerver.models,zerver,zerver_userprofile,message_content_in_email_notifications,BooleanField,zerver_userbasesettings,,,FALSE,,FALSE,FALSE,,,TRUE,,no,
UserProfile,zerver.models,zerver,zerver_userprofile,enable_offline_push_notifications,BooleanField,zerver_userbasesettings,,,FALSE,,FALSE,FALSE,,,TRUE,,no,
UserProfile,zerver.models,zerver,zerver_userprofile,enable_online_push_notifications,BooleanField,zerver_userbasesettings,,,FALSE,,FALSE,FALSE,,,TRUE,,no,
UserProfile,zerver.models,zerver,zerver_userprofile,desktop_icon_count_display,PositiveSmallIntegerField,zerver_userbasesettings,,,FALSE,,FALSE,FALSE,,,1,,no,
UserProfile,zerver.models,zerver,zerver_userprofile,enable_digest_emails,BooleanField,zerver_userbasesettings,,,FALSE,,FALSE,FALSE,,,TRUE,,no,
UserProfile,zerver.models,zerver,zerver_userprofile,enable_login_emails,BooleanField,zerver_userbasesettings,,,FALSE,,FALSE,FALSE,,,TRUE,,no,
UserProfile,zerver.models,zerver,zerver_userprofile,enable_marketing_emails,BooleanField,zerver_userbasesettings,,,FALSE,,FALSE,FALSE,,,TRUE,,no,
UserProfile,zerver.models,zerver,zerver_userprofile,realm_name_in_notifications,BooleanField,zerver_userbasesettings,,,FALSE,,FALSE,FALSE,,,FALSE,,no,
UserProfile,zerver.models,zerver,zerver_userprofile,presence_enabled,BooleanField,zerver_userbasesettings,,,FALSE,,FALSE,FALSE,,,TRUE,,no,
UserProfile,zerver.models,zerver,zerver_userprofile,enable_drafts_synchronization,BooleanField,zerver_userbasesettings,,,FALSE,,FALSE,FALSE,,,TRUE,,no,
UserProfile,zerver.models,zerver,zerver_userprofile,send_stream_typing_notifications,BooleanField,zerver_userbasesettings,,,FALSE,,FALSE,FALSE,,,TRUE,,no,
UserProfile,zerver.models,zerver,zerver_userprofile,send_private_typing_notifications,BooleanField,zerver_userbasesettings,,,FALSE,,FALSE,FALSE,,,TRUE,,no,
UserProfile,zerver.models,zerver,zerver_userprofile,send_read_receipts,BooleanField,zerver_userbasesettings,,,FALSE,,FALSE,FALSE,,,TRUE,,no,
UserProfile,zerver.models,zerver,zerver_userprofile,delivery_email,EmailField,zerver_userprofile,,,FALSE,254,FALSE,FALSE,,,,,no,
UserProfile,zerver.models,zerver,zerver_userprofile,email,EmailField,zerver_userprofile,,,FALSE,254,FALSE,FALSE,,,,,no,
UserProfile,zerver.models,zerver,zerver_userprofile,realm,ForeignKey,zerver_userprofile,,,FALSE,,FALSE,FALSE,zerver_realm,,,CASCADE,no,
UserProfile,zerver.models,zerver,zerver_userprofile,recipient,ForeignKey,zerver_userprofile,,,FALSE,,FALSE,TRUE,zerver_recipient,,,SET_NULL,no,
UserProfile,zerver.models,zerver,zerver_userprofile,full_name,CharField,zerver_userprofile,,,FALSE,100,FALSE,FALSE,,,,,no,
UserProfile,zerver.models,zerver,zerver_userprofile,date_joined,DateTimeField,zerver_userprofile,,,FALSE,,FALSE,FALSE,,,<function now at 0x7f8bbb015ee0>,,no,
UserProfile,zerver.models,zerver,zerver_userprofile,tos_version,CharField,zerver_userprofile,,,FALSE,10,FALSE,TRUE,,,,,no,
UserProfile,zerver.models,zerver,zerver_userprofile,api_key,CharField,zerver_userprofile,,,FALSE,32,FALSE,FALSE,,,,,no,
UserProfile,zerver.models,zerver,zerver_userprofile,is_staff,BooleanField,zerver_userprofile,,,FALSE,,FALSE,FALSE,,,FALSE,,no,
UserProfile,zerver.models,zerver,zerver_userprofile,is_active,BooleanField,auth_abstractbaseuser,,,FALSE,,FALSE,FALSE,,,TRUE,,no,
UserProfile,zerver.models,zerver,zerver_userprofile,is_billing_admin,BooleanField,zerver_userprofile,,,FALSE,,FALSE,FALSE,,,FALSE,,no,
UserProfile,zerver.models,zerver,zerver_userprofile,is_bot,BooleanField,zerver_userprofile,,,FALSE,,FALSE,FALSE,,,FALSE,,no,
UserProfile,zerver.models,zerver,zerver_userprofile,bot_type,PositiveSmallIntegerField,zerver_userprofile,,,FALSE,,FALSE,TRUE,,,,,no,
UserProfile,zerver.models,zerver,zerver_userprofile,bot_owner,ForeignKey,zerver_userprofile,,,FALSE,,FALSE,TRUE,zerver_userprofile,,,SET_NULL,no,
UserProfile,zerver.models,zerver,zerver_userprofile,role,PositiveSmallIntegerField,zerver_userprofile,,,FALSE,,FALSE,FALSE,,,400,,no,
UserProfile,zerver.models,zerver,zerver_userprofile,long_term_idle,BooleanField,zerver_userprofile,,,FALSE,,FALSE,FALSE,,,FALSE,,no,
UserProfile,zerver.models,zerver,zerver_userprofile,last_active_message_id,IntegerField,zerver_userprofile,,,FALSE,,FALSE,TRUE,,,,,no,
UserProfile,zerver.models,zerver,zerver_userprofile,is_mirror_dummy,BooleanField,zerver_userprofile,,,FALSE,,FALSE,FALSE,,,FALSE,,no,
UserProfile,zerver.models,zerver,zerver_userprofile,can_forge_sender,BooleanField,zerver_userprofile,,,FALSE,,FALSE,FALSE,,,FALSE,,no,
UserProfile,zerver.models,zerver,zerver_userprofile,can_create_users,BooleanField,zerver_userprofile,,,FALSE,,FALSE,FALSE,,,FALSE,,no,
UserProfile,zerver.models,zerver,zerver_userprofile,last_reminder,DateTimeField,zerver_userprofile,,,FALSE,,FALSE,TRUE,,,,,no,
UserProfile,zerver.models,zerver,zerver_userprofile,rate_limits,CharField,zerver_userprofile,,,FALSE,100,FALSE,FALSE,,,,,no,
UserProfile,zerver.models,zerver,zerver_userprofile,default_sending_stream,ForeignKey,zerver_userprofile,,+,FALSE,,FALSE,TRUE,zerver_stream,,,SET_NULL,no,
UserProfile,zerver.models,zerver,zerver_userprofile,default_events_register_stream,ForeignKey,zerver_userprofile,,+,FALSE,,FALSE,TRUE,zerver_stream,,,SET_NULL,no,
UserProfile,zerver.models,zerver,zerver_userprofile,default_all_public_streams,BooleanField,zerver_userprofile,,,FALSE,,FALSE,FALSE,,,FALSE,,no,
UserProfile,zerver.models,zerver,zerver_userprofile,timezone,CharField,zerver_userprofile,,,FALSE,40,FALSE,FALSE,,,,,no,
UserProfile,zerver.models,zerver,zerver_userprofile,avatar_source,CharField,zerver_userprofile,,,FALSE,1,FALSE,FALSE,,,G,,no,
UserProfile,zerver.models,zerver,zerver_userprofile,avatar_version,PositiveSmallIntegerField,zerver_userprofile,,,FALSE,,FALSE,FALSE,,,1,,no,
UserProfile,zerver.models,zerver,zerver_userprofile,avatar_hash,CharField,zerver_userprofile,,,FALSE,64,FALSE,TRUE,,,,,no,
UserProfile,zerver.models,zerver,zerver_userprofile,tutorial_status,CharField,zerver_userprofile,,,FALSE,1,FALSE,FALSE,,,W,,no,
UserProfile,zerver.models,zerver,zerver_userprofile,onboarding_steps,TextField,zerver_userprofile,,,FALSE,,FALSE,FALSE,,,[],,no,
UserProfile,zerver.models,zerver,zerver_userprofile,zoom_token,JSONField,zerver_userprofile,,,FALSE,,FALSE,TRUE,,,,,no,
UserProfile,zerver.models,zerver,zerver_userprofile,groups,ManyToManyField,zerver_userprofile,UserProfile_groups,user_set,FALSE,,FALSE,FALSE,auth_group,ManyToManyField,,,no,
UserProfile,zerver.models,zerver,zerver_userprofile,user_permissions,ManyToManyField,zerver_userprofile,UserProfile_user_permissions,user_set,FALSE,,FALSE,FALSE,auth_permission,ManyToManyField,,,no,
UserGroup,zerver.models,zerver,zerver_usergroup,direct_supergroups,ManyToManyRel,zerver_usergroup,,,,,,,zerver_usergroup,ManyToManyField,,,no,
UserGroup,zerver.models,zerver,zerver_usergroup,scheduledmessagenotificationemail,ManyToOneRel,zerver_usergroup,,,,,,,zerver_scheduledmessagenotificationemail,ForeignKey,,CASCADE,no,
UserGroup,zerver.models,zerver,zerver_usergroup,id,AutoField,zerver_usergroup,,,TRUE,,FALSE,FALSE,,,,,no,
UserGroup,zerver.models,zerver,zerver_usergroup,name,CharField,zerver_usergroup,,,FALSE,100,FALSE,FALSE,,,,,no,
UserGroup,zerver.models,zerver,zerver_usergroup,realm,ForeignKey,zerver_usergroup,,,FALSE,,FALSE,FALSE,zerver_realm,,,CASCADE,no,
UserGroup,zerver.models,zerver,zerver_usergroup,description,TextField,zerver_usergroup,,,FALSE,,FALSE,FALSE,,,,,no,
UserGroup,zerver.models,zerver,zerver_usergroup,is_system_group,BooleanField,zerver_usergroup,,,FALSE,,FALSE,FALSE,,,FALSE,,no,
UserGroup,zerver.models,zerver,zerver_usergroup,direct_members,ManyToManyField,zerver_usergroup,UserGroupMembership,direct_groups,FALSE,,FALSE,FALSE,zerver_userprofile,ManyToManyField,,,no,
UserGroup,zerver.models,zerver,zerver_usergroup,direct_subgroups,ManyToManyField,zerver_usergroup,GroupGroupMembership,direct_supergroups,FALSE,,FALSE,FALSE,zerver_usergroup,ManyToManyField,,,no,
UserGroupMembership,zerver.models,zerver,zerver_usergroupmembership,id,AutoField,zerver_usergroupmembership,,,TRUE,,FALSE,FALSE,,,,,no,
UserGroupMembership,zerver.models,zerver,zerver_usergroupmembership,user_group,ForeignKey,zerver_usergroupmembership,,+,FALSE,,FALSE,FALSE,zerver_usergroup,,,CASCADE,yes,
UserGroupMembership,zerver.models,zerver,zerver_usergroupmembership,user_profile,ForeignKey,zerver_usergroupmembership,,+,FALSE,,FALSE,FALSE,zerver_userprofile,,,CASCADE,yes,
GroupGroupMembership,zerver.models,zerver,zerver_groupgroupmembership,id,AutoField,zerver_groupgroupmembership,,,TRUE,,FALSE,FALSE,,,,,no,
GroupGroupMembership,zerver.models,zerver,zerver_groupgroupmembership,supergroup,ForeignKey,zerver_groupgroupmembership,,+,FALSE,,FALSE,FALSE,zerver_usergroup,,,CASCADE,yes,
GroupGroupMembership,zerver.models,zerver,zerver_groupgroupmembership,subgroup,ForeignKey,zerver_groupgroupmembership,,+,FALSE,,FALSE,FALSE,zerver_usergroup,,,CASCADE,yes,
PreregistrationUser,zerver.models,zerver,zerver_preregistrationuser,id,AutoField,zerver_preregistrationuser,,,TRUE,,FALSE,FALSE,,,,,no,
PreregistrationUser,zerver.models,zerver,zerver_preregistrationuser,email,EmailField,zerver_preregistrationuser,,,FALSE,254,FALSE,FALSE,,,,,no,
PreregistrationUser,zerver.models,zerver,zerver_preregistrationuser,full_name,CharField,zerver_preregistrationuser,,,FALSE,100,FALSE,TRUE,,,,,no,
PreregistrationUser,zerver.models,zerver,zerver_preregistrationuser,full_name_validated,BooleanField,zerver_preregistrationuser,,,FALSE,,FALSE,FALSE,,,FALSE,,no,
PreregistrationUser,zerver.models,zerver,zerver_preregistrationuser,referred_by,ForeignKey,zerver_preregistrationuser,,,FALSE,,FALSE,TRUE,zerver_userprofile,,,CASCADE,no,
PreregistrationUser,zerver.models,zerver,zerver_preregistrationuser,invited_at,DateTimeField,zerver_preregistrationuser,,,FALSE,,FALSE,FALSE,,,,,no,1
PreregistrationUser,zerver.models,zerver,zerver_preregistrationuser,realm_creation,BooleanField,zerver_preregistrationuser,,,FALSE,,FALSE,FALSE,,,FALSE,,no,
PreregistrationUser,zerver.models,zerver,zerver_preregistrationuser,password_required,BooleanField,zerver_preregistrationuser,,,FALSE,,FALSE,FALSE,,,TRUE,,no,
PreregistrationUser,zerver.models,zerver,zerver_preregistrationuser,status,IntegerField,zerver_preregistrationuser,,,FALSE,,FALSE,FALSE,,,0,,no,
PreregistrationUser,zerver.models,zerver,zerver_preregistrationuser,realm,ForeignKey,zerver_preregistrationuser,,,FALSE,,FALSE,TRUE,zerver_realm,,,CASCADE,no,
PreregistrationUser,zerver.models,zerver,zerver_preregistrationuser,invited_as,PositiveSmallIntegerField,zerver_preregistrationuser,,,FALSE,,FALSE,FALSE,,,400,,no,
PreregistrationUser,zerver.models,zerver,zerver_preregistrationuser,streams,ManyToManyField,zerver_preregistrationuser,PreregistrationUser_streams,,FALSE,,FALSE,FALSE,zerver_stream,ManyToManyField,,,no,
PreregistrationUser,zerver.models,zerver,zerver_preregistrationuser,confirmation,GenericRelation,zerver_preregistrationuser,,prereg_user,FALSE,,FALSE,TRUE,confirmation_confirmation,,,DO_NOTHING,no,
MultiuseInvite,zerver.models,zerver,zerver_multiuseinvite,id,AutoField,zerver_multiuseinvite,,,TRUE,,FALSE,FALSE,,,,,no,
MultiuseInvite,zerver.models,zerver,zerver_multiuseinvite,referred_by,ForeignKey,zerver_multiuseinvite,,,FALSE,,FALSE,FALSE,zerver_userprofile,,,CASCADE,no,
MultiuseInvite,zerver.models,zerver,zerver_multiuseinvite,realm,ForeignKey,zerver_multiuseinvite,,,FALSE,,FALSE,FALSE,zerver_realm,,,CASCADE,no,
MultiuseInvite,zerver.models,zerver,zerver_multiuseinvite,invited_as,PositiveSmallIntegerField,zerver_multiuseinvite,,,FALSE,,FALSE,FALSE,,,400,,no,
MultiuseInvite,zerver.models,zerver,zerver_multiuseinvite,streams,ManyToManyField,zerver_multiuseinvite,MultiuseInvite_streams,,FALSE,,FALSE,FALSE,zerver_stream,ManyToManyField,,,no,
EmailChangeStatus,zerver.models,zerver,zerver_emailchangestatus,id,AutoField,zerver_emailchangestatus,,,TRUE,,FALSE,FALSE,,,,,no,
EmailChangeStatus,zerver.models,zerver,zerver_emailchangestatus,new_email,EmailField,zerver_emailchangestatus,,,FALSE,254,FALSE,FALSE,,,,,no,
EmailChangeStatus,zerver.models,zerver,zerver_emailchangestatus,old_email,EmailField,zerver_emailchangestatus,,,FALSE,254,FALSE,FALSE,,,,,no,
EmailChangeStatus,zerver.models,zerver,zerver_emailchangestatus,updated_at,DateTimeField,zerver_emailchangestatus,,,FALSE,,FALSE,FALSE,,,,,no,1
EmailChangeStatus,zerver.models,zerver,zerver_emailchangestatus,user_profile,ForeignKey,zerver_emailchangestatus,,,FALSE,,FALSE,FALSE,zerver_userprofile,,,CASCADE,no,
EmailChangeStatus,zerver.models,zerver,zerver_emailchangestatus,status,IntegerField,zerver_emailchangestatus,,,FALSE,,FALSE,FALSE,,,0,,no,
EmailChangeStatus,zerver.models,zerver,zerver_emailchangestatus,realm,ForeignKey,zerver_emailchangestatus,,,FALSE,,FALSE,FALSE,zerver_realm,,,CASCADE,no,
PushDeviceToken,zerver.models,zerver,zerver_pushdevicetoken,id,AutoField,zerver_pushdevicetoken,,,TRUE,,FALSE,FALSE,,,,,no,
PushDeviceToken,zerver.models,zerver,zerver_pushdevicetoken,kind,PositiveSmallIntegerField,zerver_abstractpushdevicetoken,,,FALSE,,FALSE,FALSE,,,,,no,
PushDeviceToken,zerver.models,zerver,zerver_pushdevicetoken,token,CharField,zerver_abstractpushdevicetoken,,,FALSE,4096,FALSE,FALSE,,,,,no,
PushDeviceToken,zerver.models,zerver,zerver_pushdevicetoken,last_updated,DateTimeField,zerver_abstractpushdevicetoken,,,FALSE,,FALSE,FALSE,,,,,no,1
PushDeviceToken,zerver.models,zerver,zerver_pushdevicetoken,ios_app_id,TextField,zerver_abstractpushdevicetoken,,,FALSE,,FALSE,TRUE,,,,,no,
PushDeviceToken,zerver.models,zerver,zerver_pushdevicetoken,user,ForeignKey,zerver_pushdevicetoken,,,FALSE,,FALSE,FALSE,zerver_userprofile,,,CASCADE,no,
Stream,zerver.models,zerver,zerver_stream,preregistrationuser,ManyToManyRel,zerver_stream,,,,,,,zerver_preregistrationuser,ManyToManyField,,,no,
Stream,zerver.models,zerver,zerver_stream,multiuseinvite,ManyToManyRel,zerver_stream,,,,,,,zerver_multiuseinvite,ManyToManyField,,,no,
Stream,zerver.models,zerver,zerver_stream,usertopic,ManyToOneRel,zerver_stream,,,,,,,zerver_usertopic,ForeignKey,,CASCADE,no,
Stream,zerver.models,zerver,zerver_stream,defaultstream,ManyToOneRel,zerver_stream,,,,,,,zerver_defaultstream,ForeignKey,,CASCADE,no,
Stream,zerver.models,zerver,zerver_stream,defaultstreamgroup,ManyToManyRel,zerver_stream,,,,,,,zerver_defaultstreamgroup,ManyToManyField,,,no,
Stream,zerver.models,zerver,zerver_stream,scheduledmessage,ManyToOneRel,zerver_stream,,,,,,,zerver_scheduledmessage,ForeignKey,,CASCADE,no,
Stream,zerver.models,zerver,zerver_stream,realmauditlog,ManyToOneRel,zerver_stream,,,,,,,zerver_realmauditlog,ForeignKey,,CASCADE,no,
Stream,zerver.models,zerver,zerver_stream,streamcount,ManyToOneRel,zerver_stream,,,,,,,analytics_streamcount,ForeignKey,,CASCADE,no,
Stream,zerver.models,zerver,zerver_stream,id,AutoField,zerver_stream,,,TRUE,,FALSE,FALSE,,,,,no,
Stream,zerver.models,zerver,zerver_stream,name,CharField,zerver_stream,,,FALSE,60,FALSE,FALSE,,,,,no,
Stream,zerver.models,zerver,zerver_stream,realm,ForeignKey,zerver_stream,,,FALSE,,FALSE,FALSE,zerver_realm,,,CASCADE,no,
Stream,zerver.models,zerver,zerver_stream,date_created,DateTimeField,zerver_stream,,,FALSE,,FALSE,FALSE,,,<function now at 0x7f8bbb015ee0>,,no,
Stream,zerver.models,zerver,zerver_stream,deactivated,BooleanField,zerver_stream,,,FALSE,,FALSE,FALSE,,,FALSE,,no,
Stream,zerver.models,zerver,zerver_stream,description,CharField,zerver_stream,,,FALSE,1024,FALSE,FALSE,,,,,no,
Stream,zerver.models,zerver,zerver_stream,rendered_description,TextField,zerver_stream,,,FALSE,,FALSE,FALSE,,,,,no,
Stream,zerver.models,zerver,zerver_stream,recipient,ForeignKey,zerver_stream,,,FALSE,,FALSE,TRUE,zerver_recipient,,,SET_NULL,no,
Stream,zerver.models,zerver,zerver_stream,invite_only,BooleanField,zerver_stream,,,FALSE,,FALSE,TRUE,,,FALSE,,no,
Stream,zerver.models,zerver,zerver_stream,history_public_to_subscribers,BooleanField,zerver_stream,,,FALSE,,FALSE,FALSE,,,FALSE,,no,
Stream,zerver.models,zerver,zerver_stream,is_web_public,BooleanField,zerver_stream,,,FALSE,,FALSE,FALSE,,,FALSE,,no,
Stream,zerver.models,zerver,zerver_stream,stream_post_policy,PositiveSmallIntegerField,zerver_stream,,,FALSE,,FALSE,FALSE,,,1,,no,
Stream,zerver.models,zerver,zerver_stream,is_in_zephyr_realm,BooleanField,zerver_stream,,,FALSE,,FALSE,FALSE,,,FALSE,,no,
Stream,zerver.models,zerver,zerver_stream,email_token,CharField,zerver_stream,,,FALSE,32,TRUE,FALSE,,,<function generate_email_token_for_stream at 0x7f8bb7477af0>,,no,
Stream,zerver.models,zerver,zerver_stream,message_retention_days,IntegerField,zerver_stream,,,FALSE,,FALSE,TRUE,,,,,no,
Stream,zerver.models,zerver,zerver_stream,first_message_id,IntegerField,zerver_stream,,,FALSE,,FALSE,TRUE,,,,,no,
UserTopic,zerver.models,zerver,zerver_usertopic,id,AutoField,zerver_usertopic,,,TRUE,,FALSE,FALSE,,,,,no,
UserTopic,zerver.models,zerver,zerver_usertopic,user_profile,ForeignKey,zerver_usertopic,,,FALSE,,FALSE,FALSE,zerver_userprofile,,,CASCADE,no,
UserTopic,zerver.models,zerver,zerver_usertopic,stream,ForeignKey,zerver_usertopic,,,FALSE,,FALSE,FALSE,zerver_stream,,,CASCADE,no,
UserTopic,zerver.models,zerver,zerver_usertopic,recipient,ForeignKey,zerver_usertopic,,,FALSE,,FALSE,FALSE,zerver_recipient,,,CASCADE,no,
UserTopic,zerver.models,zerver,zerver_usertopic,topic_name,CharField,zerver_usertopic,,,FALSE,60,FALSE,FALSE,,,,,no,
UserTopic,zerver.models,zerver,zerver_usertopic,last_updated,DateTimeField,zerver_usertopic,,,FALSE,,FALSE,FALSE,,,2020-01-01 00:00:00+00:00,,no,
UserTopic,zerver.models,zerver,zerver_usertopic,visibility_policy,SmallIntegerField,zerver_usertopic,,,FALSE,,FALSE,FALSE,,,1,,no,
MutedUser,zerver.models,zerver,zerver_muteduser,id,AutoField,zerver_muteduser,,,TRUE,,FALSE,FALSE,,,,,no,
MutedUser,zerver.models,zerver,zerver_muteduser,user_profile,ForeignKey,zerver_muteduser,,+,FALSE,,FALSE,FALSE,zerver_userprofile,,,CASCADE,no,
MutedUser,zerver.models,zerver,zerver_muteduser,muted_user,ForeignKey,zerver_muteduser,,+,FALSE,,FALSE,FALSE,zerver_userprofile,,,CASCADE,no,
MutedUser,zerver.models,zerver,zerver_muteduser,date_muted,DateTimeField,zerver_muteduser,,,FALSE,,FALSE,FALSE,,,<function now at 0x7f8bbb015ee0>,,no,
Client,zerver.models,zerver,zerver_client,archivedmessage,ManyToOneRel,zerver_client,,,,,,,zerver_archivedmessage,ForeignKey,,CASCADE,no,
Client,zerver.models,zerver,zerver_client,message,ManyToOneRel,zerver_client,,,,,,,zerver_message,ForeignKey,,CASCADE,no,
Client,zerver.models,zerver,zerver_client,useractivity,ManyToOneRel,zerver_client,,,,,,,zerver_useractivity,ForeignKey,,CASCADE,no,
Client,zerver.models,zerver,zerver_client,userpresence,ManyToOneRel,zerver_client,,,,,,,zerver_userpresence,ForeignKey,,CASCADE,no,
Client,zerver.models,zerver,zerver_client,userstatus,ManyToOneRel,zerver_client,,,,,,,zerver_userstatus,ForeignKey,,CASCADE,no,
Client,zerver.models,zerver,zerver_client,scheduledmessage,ManyToOneRel,zerver_client,,,,,,,zerver_scheduledmessage,ForeignKey,,CASCADE,no,
Client,zerver.models,zerver,zerver_client,id,AutoField,zerver_client,,,TRUE,,FALSE,FALSE,,,,,no,
Client,zerver.models,zerver,zerver_client,name,CharField,zerver_client,,,FALSE,30,TRUE,FALSE,,,,,no,
ArchiveTransaction,zerver.models,zerver,zerver_archivetransaction,archivedmessage,ManyToOneRel,zerver_archivetransaction,,,,,,,zerver_archivedmessage,ForeignKey,,CASCADE,no,
ArchiveTransaction,zerver.models,zerver,zerver_archivetransaction,id,AutoField,zerver_archivetransaction,,,TRUE,,FALSE,FALSE,,,,,no,
ArchiveTransaction,zerver.models,zerver,zerver_archivetransaction,timestamp,DateTimeField,zerver_archivetransaction,,,FALSE,,FALSE,FALSE,,,<function now at 0x7f8bbb015ee0>,,no,
ArchiveTransaction,zerver.models,zerver,zerver_archivetransaction,restored,BooleanField,zerver_archivetransaction,,,FALSE,,FALSE,FALSE,,,FALSE,,no,
ArchiveTransaction,zerver.models,zerver,zerver_archivetransaction,type,PositiveSmallIntegerField,zerver_archivetransaction,,,FALSE,,FALSE,FALSE,,,,,no,
ArchiveTransaction,zerver.models,zerver,zerver_archivetransaction,realm,ForeignKey,zerver_archivetransaction,,,FALSE,,FALSE,TRUE,zerver_realm,,,CASCADE,no,
ArchivedMessage,zerver.models,zerver,zerver_archivedmessage,archivedsubmessage,ManyToOneRel,zerver_archivedmessage,,,,,,,zerver_archivedsubmessage,ForeignKey,,CASCADE,no,
ArchivedMessage,zerver.models,zerver,zerver_archivedmessage,archivedreaction,ManyToOneRel,zerver_archivedmessage,,,,,,,zerver_archivedreaction,ForeignKey,,CASCADE,no,
ArchivedMessage,zerver.models,zerver,zerver_archivedmessage,archivedusermessage,ManyToOneRel,zerver_archivedmessage,,,,,,,zerver_archivedusermessage,ForeignKey,,CASCADE,no,
ArchivedMessage,zerver.models,zerver,zerver_archivedmessage,archivedattachment,ManyToManyRel,zerver_archivedmessage,,,,,,,zerver_archivedattachment,ManyToManyField,,,no,
ArchivedMessage,zerver.models,zerver,zerver_archivedmessage,id,AutoField,zerver_archivedmessage,,,TRUE,,FALSE,FALSE,,,,,no,
ArchivedMessage,zerver.models,zerver,zerver_archivedmessage,sender,ForeignKey,zerver_archivedmessage,,,FALSE,,FALSE,FALSE,zerver_userprofile,,,CASCADE,no,
ArchivedMessage,zerver.models,zerver,zerver_archivedmessage,recipient,ForeignKey,zerver_archivedmessage,,,FALSE,,FALSE,FALSE,zerver_recipient,,,CASCADE,no,
ArchivedMessage,zerver.models,zerver,zerver_archivedmessage,subject,CharField,zerver_abstractmessage,,,FALSE,60,FALSE,FALSE,,,,,no,
ArchivedMessage,zerver.models,zerver,zerver_archivedmessage,content,TextField,zerver_abstractmessage,,,FALSE,,FALSE,FALSE,,,,,no,
ArchivedMessage,zerver.models,zerver,zerver_archivedmessage,rendered_content,TextField,zerver_abstractmessage,,,FALSE,,FALSE,TRUE,,,,,no,
ArchivedMessage,zerver.models,zerver,zerver_archivedmessage,rendered_content_version,IntegerField,zerver_abstractmessage,,,FALSE,,FALSE,TRUE,,,,,no,
ArchivedMessage,zerver.models,zerver,zerver_archivedmessage,date_sent,DateTimeField,zerver_abstractmessage,,,FALSE,,FALSE,FALSE,,,,,no,
ArchivedMessage,zerver.models,zerver,zerver_archivedmessage,sending_client,ForeignKey,zerver_archivedmessage,,,FALSE,,FALSE,FALSE,zerver_client,,,CASCADE,no,
ArchivedMessage,zerver.models,zerver,zerver_archivedmessage,last_edit_time,DateTimeField,zerver_abstractmessage,,,FALSE,,FALSE,TRUE,,,,,no,
ArchivedMessage,zerver.models,zerver,zerver_archivedmessage,edit_history,TextField,zerver_abstractmessage,,,FALSE,,FALSE,TRUE,,,,,no,
ArchivedMessage,zerver.models,zerver,zerver_archivedmessage,has_attachment,BooleanField,zerver_abstractmessage,,,FALSE,,FALSE,FALSE,,,FALSE,,no,
ArchivedMessage,zerver.models,zerver,zerver_archivedmessage,has_image,BooleanField,zerver_abstractmessage,,,FALSE,,FALSE,FALSE,,,FALSE,,no,
ArchivedMessage,zerver.models,zerver,zerver_archivedmessage,has_link,BooleanField,zerver_abstractmessage,,,FALSE,,FALSE,FALSE,,,FALSE,,no,
ArchivedMessage,zerver.models,zerver,zerver_archivedmessage,archive_transaction,ForeignKey,zerver_archivedmessage,,,FALSE,,FALSE,FALSE,zerver_archivetransaction,,,CASCADE,no,
Message,zerver.models,zerver,zerver_message,submessage,ManyToOneRel,zerver_message,,,,,,,zerver_submessage,ForeignKey,,CASCADE,no,
Message,zerver.models,zerver,zerver_message,reaction,ManyToOneRel,zerver_message,,,,,,,zerver_reaction,ForeignKey,,CASCADE,no,
Message,zerver.models,zerver,zerver_message,usermessage,ManyToOneRel,zerver_message,,,,,,,zerver_usermessage,ForeignKey,,CASCADE,no,
Message,zerver.models,zerver,zerver_message,attachment,ManyToManyRel,zerver_message,,,,,,,zerver_attachment,ManyToManyField,,,no,
Message,zerver.models,zerver,zerver_message,missedmessageemailaddress,ManyToOneRel,zerver_message,,,,,,,zerver_missedmessageemailaddress,ForeignKey,,CASCADE,no,
Message,zerver.models,zerver,zerver_message,scheduledmessagenotificationemail,ManyToOneRel,zerver_message,,,,,,,zerver_scheduledmessagenotificationemail,ForeignKey,,CASCADE,no,
Message,zerver.models,zerver,zerver_message,id,AutoField,zerver_message,,,TRUE,,FALSE,FALSE,,,,,no,
Message,zerver.models,zerver,zerver_message,sender,ForeignKey,zerver_message,,,FALSE,,FALSE,FALSE,zerver_userprofile,,,CASCADE,no,
Message,zerver.models,zerver,zerver_message,recipient,ForeignKey,zerver_message,,,FALSE,,FALSE,FALSE,zerver_recipient,,,CASCADE,no,
Message,zerver.models,zerver,zerver_message,subject,CharField,zerver_abstractmessage,,,FALSE,60,FALSE,FALSE,,,,,no,
Message,zerver.models,zerver,zerver_message,content,TextField,zerver_abstractmessage,,,FALSE,,FALSE,FALSE,,,,,no,
Message,zerver.models,zerver,zerver_message,rendered_content,TextField,zerver_abstractmessage,,,FALSE,,FALSE,TRUE,,,,,no,
Message,zerver.models,zerver,zerver_message,rendered_content_version,IntegerField,zerver_abstractmessage,,,FALSE,,FALSE,TRUE,,,,,no,
Message,zerver.models,zerver,zerver_message,date_sent,DateTimeField,zerver_abstractmessage,,,FALSE,,FALSE,FALSE,,,,,no,
Message,zerver.models,zerver,zerver_message,sending_client,ForeignKey,zerver_message,,,FALSE,,FALSE,FALSE,zerver_client,,,CASCADE,no,
Message,zerver.models,zerver,zerver_message,last_edit_time,DateTimeField,zerver_abstractmessage,,,FALSE,,FALSE,TRUE,,,,,no,
Message,zerver.models,zerver,zerver_message,edit_history,TextField,zerver_abstractmessage,,,FALSE,,FALSE,TRUE,,,,,no,
Message,zerver.models,zerver,zerver_message,has_attachment,BooleanField,zerver_abstractmessage,,,FALSE,,FALSE,FALSE,,,FALSE,,no,
Message,zerver.models,zerver,zerver_message,has_image,BooleanField,zerver_abstractmessage,,,FALSE,,FALSE,FALSE,,,FALSE,,no,
Message,zerver.models,zerver,zerver_message,has_link,BooleanField,zerver_abstractmessage,,,FALSE,,FALSE,FALSE,,,FALSE,,no,
SubMessage,zerver.models,zerver,zerver_submessage,id,AutoField,zerver_submessage,,,TRUE,,FALSE,FALSE,,,,,no,
SubMessage,zerver.models,zerver,zerver_submessage,sender,ForeignKey,zerver_submessage,,,FALSE,,FALSE,FALSE,zerver_userprofile,,,CASCADE,no,
SubMessage,zerver.models,zerver,zerver_submessage,msg_type,TextField,zerver_abstractsubmessage,,,FALSE,,FALSE,FALSE,,,,,no,
SubMessage,zerver.models,zerver,zerver_submessage,content,TextField,zerver_abstractsubmessage,,,FALSE,,FALSE,FALSE,,,,,no,
SubMessage,zerver.models,zerver,zerver_submessage,message,ForeignKey,zerver_submessage,,,FALSE,,FALSE,FALSE,zerver_message,,,CASCADE,no,
ArchivedSubMessage,zerver.models,zerver,zerver_archivedsubmessage,id,AutoField,zerver_archivedsubmessage,,,TRUE,,FALSE,FALSE,,,,,no,
ArchivedSubMessage,zerver.models,zerver,zerver_archivedsubmessage,sender,ForeignKey,zerver_archivedsubmessage,,,FALSE,,FALSE,FALSE,zerver_userprofile,,,CASCADE,no,
ArchivedSubMessage,zerver.models,zerver,zerver_archivedsubmessage,msg_type,TextField,zerver_abstractsubmessage,,,FALSE,,FALSE,FALSE,,,,,no,
ArchivedSubMessage,zerver.models,zerver,zerver_archivedsubmessage,content,TextField,zerver_abstractsubmessage,,,FALSE,,FALSE,FALSE,,,,,no,
ArchivedSubMessage,zerver.models,zerver,zerver_archivedsubmessage,message,ForeignKey,zerver_archivedsubmessage,,,FALSE,,FALSE,FALSE,zerver_archivedmessage,,,CASCADE,no,
Draft,zerver.models,zerver,zerver_draft,id,AutoField,zerver_draft,,,TRUE,,FALSE,FALSE,,,,,no,
Draft,zerver.models,zerver,zerver_draft,user_profile,ForeignKey,zerver_draft,,,FALSE,,FALSE,FALSE,zerver_userprofile,,,CASCADE,no,
Draft,zerver.models,zerver,zerver_draft,recipient,ForeignKey,zerver_draft,,,FALSE,,FALSE,TRUE,zerver_recipient,,,SET_NULL,no,
Draft,zerver.models,zerver,zerver_draft,topic,CharField,zerver_draft,,,FALSE,60,FALSE,FALSE,,,,,no,
Draft,zerver.models,zerver,zerver_draft,content,TextField,zerver_draft,,,FALSE,,FALSE,FALSE,,,,,no,
Draft,zerver.models,zerver,zerver_draft,last_edit_time,DateTimeField,zerver_draft,,,FALSE,,FALSE,FALSE,,,,,no,
Reaction,zerver.models,zerver,zerver_reaction,id,AutoField,zerver_reaction,,,TRUE,,FALSE,FALSE,,,,,no,
Reaction,zerver.models,zerver,zerver_reaction,user_profile,ForeignKey,zerver_reaction,,,FALSE,,FALSE,FALSE,zerver_userprofile,,,CASCADE,no,
Reaction,zerver.models,zerver,zerver_reaction,emoji_name,TextField,zerver_abstractemoji,,,FALSE,,FALSE,FALSE,,,,,no,
Reaction,zerver.models,zerver,zerver_reaction,reaction_type,CharField,zerver_abstractemoji,,,FALSE,30,FALSE,FALSE,,,unicode_emoji,,no,
Reaction,zerver.models,zerver,zerver_reaction,emoji_code,TextField,zerver_abstractemoji,,,FALSE,,FALSE,FALSE,,,,,no,
Reaction,zerver.models,zerver,zerver_reaction,message,ForeignKey,zerver_reaction,,,FALSE,,FALSE,FALSE,zerver_message,,,CASCADE,no,
ArchivedReaction,zerver.models,zerver,zerver_archivedreaction,id,AutoField,zerver_archivedreaction,,,TRUE,,FALSE,FALSE,,,,,no,
ArchivedReaction,zerver.models,zerver,zerver_archivedreaction,user_profile,ForeignKey,zerver_archivedreaction,,,FALSE,,FALSE,FALSE,zerver_userprofile,,,CASCADE,no,
ArchivedReaction,zerver.models,zerver,zerver_archivedreaction,emoji_name,TextField,zerver_abstractemoji,,,FALSE,,FALSE,FALSE,,,,,no,
ArchivedReaction,zerver.models,zerver,zerver_archivedreaction,reaction_type,CharField,zerver_abstractemoji,,,FALSE,30,FALSE,FALSE,,,unicode_emoji,,no,
ArchivedReaction,zerver.models,zerver,zerver_archivedreaction,emoji_code,TextField,zerver_abstractemoji,,,FALSE,,FALSE,FALSE,,,,,no,
ArchivedReaction,zerver.models,zerver,zerver_archivedreaction,message,ForeignKey,zerver_archivedreaction,,,FALSE,,FALSE,FALSE,zerver_archivedmessage,,,CASCADE,no,
UserMessage,zerver.models,zerver,zerver_usermessage,id,BigAutoField,zerver_abstractusermessage,,,TRUE,,FALSE,FALSE,,,,,no,
UserMessage,zerver.models,zerver,zerver_usermessage,user_profile,ForeignKey,zerver_usermessage,,,FALSE,,FALSE,FALSE,zerver_userprofile,,,CASCADE,no,
UserMessage,zerver.models,zerver,zerver_usermessage,flags,BitField,zerver_usermessage,,,FALSE,,FALSE,FALSE,,,0,,no,
UserMessage,zerver.models,zerver,zerver_usermessage,message,ForeignKey,zerver_usermessage,,,FALSE,,FALSE,FALSE,zerver_message,,,CASCADE,no,
ArchivedUserMessage,zerver.models,zerver,zerver_archivedusermessage,id,BigAutoField,zerver_abstractusermessage,,,TRUE,,FALSE,FALSE,,,,,no,
ArchivedUserMessage,zerver.models,zerver,zerver_archivedusermessage,user_profile,ForeignKey,zerver_archivedusermessage,,,FALSE,,FALSE,FALSE,zerver_userprofile,,,CASCADE,no,
ArchivedUserMessage,zerver.models,zerver,zerver_archivedusermessage,flags,BitField,zerver_archivedusermessage,,,FALSE,,FALSE,FALSE,,,0,,no,
ArchivedUserMessage,zerver.models,zerver,zerver_archivedusermessage,message,ForeignKey,zerver_archivedusermessage,,,FALSE,,FALSE,FALSE,zerver_archivedmessage,,,CASCADE,no,
ArchivedAttachment,zerver.models,zerver,zerver_archivedattachment,id,AutoField,zerver_archivedattachment,,,TRUE,,FALSE,FALSE,,,,,no,
ArchivedAttachment,zerver.models,zerver,zerver_archivedattachment,file_name,TextField,zerver_abstractattachment,,,FALSE,,FALSE,FALSE,,,,,no,
ArchivedAttachment,zerver.models,zerver,zerver_archivedattachment,path_id,TextField,zerver_abstractattachment,,,FALSE,,TRUE,FALSE,,,,,no,
ArchivedAttachment,zerver.models,zerver,zerver_archivedattachment,owner,ForeignKey,zerver_archivedattachment,,,FALSE,,FALSE,FALSE,zerver_userprofile,,,CASCADE,no,
ArchivedAttachment,zerver.models,zerver,zerver_archivedattachment,realm,ForeignKey,zerver_archivedattachment,,,FALSE,,FALSE,TRUE,zerver_realm,,,CASCADE,no,
ArchivedAttachment,zerver.models,zerver,zerver_archivedattachment,create_time,DateTimeField,zerver_abstractattachment,,,FALSE,,FALSE,FALSE,,,<function now at 0x7f8bbb015ee0>,,no,
ArchivedAttachment,zerver.models,zerver,zerver_archivedattachment,size,IntegerField,zerver_abstractattachment,,,FALSE,,FALSE,FALSE,,,,,no,
ArchivedAttachment,zerver.models,zerver,zerver_archivedattachment,is_realm_public,BooleanField,zerver_abstractattachment,,,FALSE,,FALSE,FALSE,,,FALSE,,no,
ArchivedAttachment,zerver.models,zerver,zerver_archivedattachment,is_web_public,BooleanField,zerver_abstractattachment,,,FALSE,,FALSE,FALSE,,,FALSE,,no,
ArchivedAttachment,zerver.models,zerver,zerver_archivedattachment,messages,ManyToManyField,zerver_archivedattachment,ArchivedAttachment_messages,,FALSE,,FALSE,FALSE,zerver_archivedmessage,ManyToManyField,,,no,
Attachment,zerver.models,zerver,zerver_attachment,id,AutoField,zerver_attachment,,,TRUE,,FALSE,FALSE,,,,,no,
Attachment,zerver.models,zerver,zerver_attachment,file_name,TextField,zerver_abstractattachment,,,FALSE,,FALSE,FALSE,,,,,no,
Attachment,zerver.models,zerver,zerver_attachment,path_id,TextField,zerver_abstractattachment,,,FALSE,,TRUE,FALSE,,,,,no,
Attachment,zerver.models,zerver,zerver_attachment,owner,ForeignKey,zerver_attachment,,,FALSE,,FALSE,FALSE,zerver_userprofile,,,CASCADE,no,
Attachment,zerver.models,zerver,zerver_attachment,realm,ForeignKey,zerver_attachment,,,FALSE,,FALSE,TRUE,zerver_realm,,,CASCADE,no,
Attachment,zerver.models,zerver,zerver_attachment,create_time,DateTimeField,zerver_abstractattachment,,,FALSE,,FALSE,FALSE,,,<function now at 0x7f8bbb015ee0>,,no,
Attachment,zerver.models,zerver,zerver_attachment,size,IntegerField,zerver_abstractattachment,,,FALSE,,FALSE,FALSE,,,,,no,
Attachment,zerver.models,zerver,zerver_attachment,is_realm_public,BooleanField,zerver_abstractattachment,,,FALSE,,FALSE,FALSE,,,FALSE,,no,
Attachment,zerver.models,zerver,zerver_attachment,is_web_public,BooleanField,zerver_abstractattachment,,,FALSE,,FALSE,FALSE,,,FALSE,,no,
Attachment,zerver.models,zerver,zerver_attachment,messages,ManyToManyField,zerver_attachment,Attachment_messages,,FALSE,,FALSE,FALSE,zerver_message,ManyToManyField,,,no,
Subscription,zerver.models,zerver,zerver_subscription,id,AutoField,zerver_subscription,,,TRUE,,FALSE,FALSE,,,,,no,
Subscription,zerver.models,zerver,zerver_subscription,user_profile,ForeignKey,zerver_subscription,,,FALSE,,FALSE,FALSE,zerver_userprofile,,,CASCADE,no,
Subscription,zerver.models,zerver,zerver_subscription,recipient,ForeignKey,zerver_subscription,,,FALSE,,FALSE,FALSE,zerver_recipient,,,CASCADE,no,
Subscription,zerver.models,zerver,zerver_subscription,active,BooleanField,zerver_subscription,,,FALSE,,FALSE,FALSE,,,TRUE,,no,
Subscription,zerver.models,zerver,zerver_subscription,is_user_active,BooleanField,zerver_subscription,,,FALSE,,FALSE,FALSE,,,,,no,
Subscription,zerver.models,zerver,zerver_subscription,role,PositiveSmallIntegerField,zerver_subscription,,,FALSE,,FALSE,FALSE,,,50,,no,
Subscription,zerver.models,zerver,zerver_subscription,is_muted,BooleanField,zerver_subscription,,,FALSE,,FALSE,TRUE,,,FALSE,,no,
Subscription,zerver.models,zerver,zerver_subscription,color,CharField,zerver_subscription,,,FALSE,10,FALSE,FALSE,,,#c2c2c2,,no,
Subscription,zerver.models,zerver,zerver_subscription,pin_to_top,BooleanField,zerver_subscription,,,FALSE,,FALSE,FALSE,,,FALSE,,no,
Subscription,zerver.models,zerver,zerver_subscription,desktop_notifications,BooleanField,zerver_subscription,,,FALSE,,FALSE,TRUE,,,,,no,
Subscription,zerver.models,zerver,zerver_subscription,audible_notifications,BooleanField,zerver_subscription,,,FALSE,,FALSE,TRUE,,,,,no,
Subscription,zerver.models,zerver,zerver_subscription,push_notifications,BooleanField,zerver_subscription,,,FALSE,,FALSE,TRUE,,,,,no,
Subscription,zerver.models,zerver,zerver_subscription,email_notifications,BooleanField,zerver_subscription,,,FALSE,,FALSE,TRUE,,,,,no,
Subscription,zerver.models,zerver,zerver_subscription,wildcard_mentions_notify,BooleanField,zerver_subscription,,,FALSE,,FALSE,TRUE,,,,,no,
Huddle,zerver.models,zerver,zerver_huddle,id,AutoField,zerver_huddle,,,TRUE,,FALSE,FALSE,,,,,no,
Huddle,zerver.models,zerver,zerver_huddle,huddle_hash,CharField,zerver_huddle,,,FALSE,40,TRUE,FALSE,,,,,no,
Huddle,zerver.models,zerver,zerver_huddle,recipient,ForeignKey,zerver_huddle,,,FALSE,,FALSE,TRUE,zerver_recipient,,,SET_NULL,no,
UserActivity,zerver.models,zerver,zerver_useractivity,id,AutoField,zerver_useractivity,,,TRUE,,FALSE,FALSE,,,,,no,
UserActivity,zerver.models,zerver,zerver_useractivity,user_profile,ForeignKey,zerver_useractivity,,,FALSE,,FALSE,FALSE,zerver_userprofile,,,CASCADE,no,
UserActivity,zerver.models,zerver,zerver_useractivity,client,ForeignKey,zerver_useractivity,,,FALSE,,FALSE,FALSE,zerver_client,,,CASCADE,no,
UserActivity,zerver.models,zerver,zerver_useractivity,query,CharField,zerver_useractivity,,,FALSE,50,FALSE,FALSE,,,,,no,
UserActivity,zerver.models,zerver,zerver_useractivity,count,IntegerField,zerver_useractivity,,,FALSE,,FALSE,FALSE,,,,,no,
UserActivity,zerver.models,zerver,zerver_useractivity,last_visit,DateTimeField,zerver_useractivity,,,FALSE,,FALSE,FALSE,,,,,no,
UserActivityInterval,zerver.models,zerver,zerver_useractivityinterval,id,AutoField,zerver_useractivityinterval,,,TRUE,,FALSE,FALSE,,,,,no,
UserActivityInterval,zerver.models,zerver,zerver_useractivityinterval,user_profile,ForeignKey,zerver_useractivityinterval,,,FALSE,,FALSE,FALSE,zerver_userprofile,,,CASCADE,no,
UserActivityInterval,zerver.models,zerver,zerver_useractivityinterval,start,DateTimeField,zerver_useractivityinterval,,,FALSE,,FALSE,FALSE,,,,,no,
UserActivityInterval,zerver.models,zerver,zerver_useractivityinterval,end,DateTimeField,zerver_useractivityinterval,,,FALSE,,FALSE,FALSE,,,,,no,
UserPresence,zerver.models,zerver,zerver_userpresence,id,AutoField,zerver_userpresence,,,TRUE,,FALSE,FALSE,,,,,no,
UserPresence,zerver.models,zerver,zerver_userpresence,user_profile,ForeignKey,zerver_userpresence,,,FALSE,,FALSE,FALSE,zerver_userprofile,,,CASCADE,no,
UserPresence,zerver.models,zerver,zerver_userpresence,realm,ForeignKey,zerver_userpresence,,,FALSE,,FALSE,FALSE,zerver_realm,,,CASCADE,no,
UserPresence,zerver.models,zerver,zerver_userpresence,client,ForeignKey,zerver_userpresence,,,FALSE,,FALSE,FALSE,zerver_client,,,CASCADE,no,
UserPresence,zerver.models,zerver,zerver_userpresence,timestamp,DateTimeField,zerver_userpresence,,,FALSE,,FALSE,FALSE,,,,,no,
UserPresence,zerver.models,zerver,zerver_userpresence,status,PositiveSmallIntegerField,zerver_userpresence,,,FALSE,,FALSE,FALSE,,,1,,no,
UserStatus,zerver.models,zerver,zerver_userstatus,id,AutoField,zerver_userstatus,,,TRUE,,FALSE,FALSE,,,,,no,
UserStatus,zerver.models,zerver,zerver_userstatus,reaction_type,CharField,zerver_abstractemoji,,,FALSE,30,FALSE,FALSE,,,unicode_emoji,,no,
UserStatus,zerver.models,zerver,zerver_userstatus,user_profile,OneToOneField,zerver_userstatus,,,FALSE,,TRUE,FALSE,zerver_userprofile,,,CASCADE,no,
UserStatus,zerver.models,zerver,zerver_userstatus,timestamp,DateTimeField,zerver_userstatus,,,FALSE,,FALSE,FALSE,,,,,no,
UserStatus,zerver.models,zerver,zerver_userstatus,client,ForeignKey,zerver_userstatus,,,FALSE,,FALSE,FALSE,zerver_client,,,CASCADE,no,
UserStatus,zerver.models,zerver,zerver_userstatus,emoji_name,TextField,zerver_abstractemoji,,,FALSE,,FALSE,FALSE,,,,,no,
UserStatus,zerver.models,zerver,zerver_userstatus,emoji_code,TextField,zerver_abstractemoji,,,FALSE,,FALSE,FALSE,,,,,no,
UserStatus,zerver.models,zerver,zerver_userstatus,status,PositiveSmallIntegerField,zerver_userstatus,,,FALSE,,FALSE,FALSE,,,0,,no,
UserStatus,zerver.models,zerver,zerver_userstatus,status_text,CharField,zerver_userstatus,,,FALSE,255,FALSE,FALSE,,,,,no,
DefaultStream,zerver.models,zerver,zerver_defaultstream,id,AutoField,zerver_defaultstream,,,TRUE,,FALSE,FALSE,,,,,no,
DefaultStream,zerver.models,zerver,zerver_defaultstream,realm,ForeignKey,zerver_defaultstream,,,FALSE,,FALSE,FALSE,zerver_realm,,,CASCADE,no,
DefaultStream,zerver.models,zerver,zerver_defaultstream,stream,ForeignKey,zerver_defaultstream,,,FALSE,,FALSE,FALSE,zerver_stream,,,CASCADE,no,
DefaultStreamGroup,zerver.models,zerver,zerver_defaultstreamgroup,id,AutoField,zerver_defaultstreamgroup,,,TRUE,,FALSE,FALSE,,,,,no,
DefaultStreamGroup,zerver.models,zerver,zerver_defaultstreamgroup,name,CharField,zerver_defaultstreamgroup,,,FALSE,60,FALSE,FALSE,,,,,no,
DefaultStreamGroup,zerver.models,zerver,zerver_defaultstreamgroup,realm,ForeignKey,zerver_defaultstreamgroup,,,FALSE,,FALSE,FALSE,zerver_realm,,,CASCADE,no,
DefaultStreamGroup,zerver.models,zerver,zerver_defaultstreamgroup,description,CharField,zerver_defaultstreamgroup,,,FALSE,1024,FALSE,FALSE,,,,,no,
DefaultStreamGroup,zerver.models,zerver,zerver_defaultstreamgroup,streams,ManyToManyField,zerver_defaultstreamgroup,DefaultStreamGroup_streams,,FALSE,,FALSE,FALSE,zerver_stream,ManyToManyField,,,no,
ScheduledEmail,zerver.models,zerver,zerver_scheduledemail,id,AutoField,zerver_scheduledemail,,,TRUE,,FALSE,FALSE,,,,,no,
ScheduledEmail,zerver.models,zerver,zerver_scheduledemail,scheduled_timestamp,DateTimeField,zerver_abstractscheduledjob,,,FALSE,,FALSE,FALSE,,,,,no,
ScheduledEmail,zerver.models,zerver,zerver_scheduledemail,data,TextField,zerver_abstractscheduledjob,,,FALSE,,FALSE,FALSE,,,,,no,
ScheduledEmail,zerver.models,zerver,zerver_scheduledemail,realm,ForeignKey,zerver_scheduledemail,,,FALSE,,FALSE,FALSE,zerver_realm,,,CASCADE,no,
ScheduledEmail,zerver.models,zerver,zerver_scheduledemail,address,EmailField,zerver_scheduledemail,,,FALSE,254,FALSE,TRUE,,,,,no,
ScheduledEmail,zerver.models,zerver,zerver_scheduledemail,type,PositiveSmallIntegerField,zerver_scheduledemail,,,FALSE,,FALSE,FALSE,,,,,no,
ScheduledEmail,zerver.models,zerver,zerver_scheduledemail,users,ManyToManyField,zerver_scheduledemail,ScheduledEmail_users,,FALSE,,FALSE,FALSE,zerver_userprofile,ManyToManyField,,,no,
MissedMessageEmailAddress,zerver.models,zerver,zerver_missedmessageemailaddress,id,AutoField,zerver_missedmessageemailaddress,,,TRUE,,FALSE,FALSE,,,,,no,
MissedMessageEmailAddress,zerver.models,zerver,zerver_missedmessageemailaddress,message,ForeignKey,zerver_missedmessageemailaddress,,,FALSE,,FALSE,FALSE,zerver_message,,,CASCADE,no,
MissedMessageEmailAddress,zerver.models,zerver,zerver_missedmessageemailaddress,user_profile,ForeignKey,zerver_missedmessageemailaddress,,,FALSE,,FALSE,FALSE,zerver_userprofile,,,CASCADE,no,
MissedMessageEmailAddress,zerver.models,zerver,zerver_missedmessageemailaddress,email_token,CharField,zerver_missedmessageemailaddress,,,FALSE,34,TRUE,FALSE,,,,,no,
MissedMessageEmailAddress,zerver.models,zerver,zerver_missedmessageemailaddress,timestamp,DateTimeField,zerver_missedmessageemailaddress,,,FALSE,,FALSE,FALSE,,,<function now at 0x7f8bbb015ee0>,,no,
MissedMessageEmailAddress,zerver.models,zerver,zerver_missedmessageemailaddress,times_used,PositiveIntegerField,zerver_missedmessageemailaddress,,,FALSE,,FALSE,FALSE,,,0,,no,
ScheduledMessageNotificationEmail,zerver.models,zerver,zerver_scheduledmessagenotificationemail,id,AutoField,zerver_scheduledmessagenotificationemail,,,TRUE,,FALSE,FALSE,,,,,no,
ScheduledMessageNotificationEmail,zerver.models,zerver,zerver_scheduledmessagenotificationemail,user_profile,ForeignKey,zerver_scheduledmessagenotificationemail,,,FALSE,,FALSE,FALSE,zerver_userprofile,,,CASCADE,no,
ScheduledMessageNotificationEmail,zerver.models,zerver,zerver_scheduledmessagenotificationemail,message,ForeignKey,zerver_scheduledmessagenotificationemail,,,FALSE,,FALSE,FALSE,zerver_message,,,CASCADE,no,
ScheduledMessageNotificationEmail,zerver.models,zerver,zerver_scheduledmessagenotificationemail,trigger,TextField,zerver_scheduledmessagenotificationemail,,,FALSE,,FALSE,FALSE,,,,,no,
ScheduledMessageNotificationEmail,zerver.models,zerver,zerver_scheduledmessagenotificationemail,mentioned_user_group,ForeignKey,zerver_scheduledmessagenotificationemail,,,FALSE,,FALSE,TRUE,zerver_usergroup,,,CASCADE,no,
ScheduledMessageNotificationEmail,zerver.models,zerver,zerver_scheduledmessagenotificationemail,scheduled_timestamp,DateTimeField,zerver_scheduledmessagenotificationemail,,,FALSE,,FALSE,FALSE,,,,,no,
ScheduledMessage,zerver.models,zerver,zerver_scheduledmessage,id,AutoField,zerver_scheduledmessage,,,TRUE,,FALSE,FALSE,,,,,no,
ScheduledMessage,zerver.models,zerver,zerver_scheduledmessage,sender,ForeignKey,zerver_scheduledmessage,,,FALSE,,FALSE,FALSE,zerver_userprofile,,,CASCADE,no,
ScheduledMessage,zerver.models,zerver,zerver_scheduledmessage,recipient,ForeignKey,zerver_scheduledmessage,,,FALSE,,FALSE,FALSE,zerver_recipient,,,CASCADE,no,
ScheduledMessage,zerver.models,zerver,zerver_scheduledmessage,subject,CharField,zerver_scheduledmessage,,,FALSE,60,FALSE,FALSE,,,,,no,
ScheduledMessage,zerver.models,zerver,zerver_scheduledmessage,content,TextField,zerver_scheduledmessage,,,FALSE,,FALSE,FALSE,,,,,no,
ScheduledMessage,zerver.models,zerver,zerver_scheduledmessage,sending_client,ForeignKey,zerver_scheduledmessage,,,FALSE,,FALSE,FALSE,zerver_client,,,CASCADE,no,
ScheduledMessage,zerver.models,zerver,zerver_scheduledmessage,stream,ForeignKey,zerver_scheduledmessage,,,FALSE,,FALSE,TRUE,zerver_stream,,,CASCADE,no,
ScheduledMessage,zerver.models,zerver,zerver_scheduledmessage,realm,ForeignKey,zerver_scheduledmessage,,,FALSE,,FALSE,FALSE,zerver_realm,,,CASCADE,no,
ScheduledMessage,zerver.models,zerver,zerver_scheduledmessage,scheduled_timestamp,DateTimeField,zerver_scheduledmessage,,,FALSE,,FALSE,FALSE,,,,,no,
ScheduledMessage,zerver.models,zerver,zerver_scheduledmessage,delivered,BooleanField,zerver_scheduledmessage,,,FALSE,,FALSE,FALSE,,,FALSE,,no,
ScheduledMessage,zerver.models,zerver,zerver_scheduledmessage,delivery_type,PositiveSmallIntegerField,zerver_scheduledmessage,,,FALSE,,FALSE,FALSE,,,1,,no,
RealmAuditLog,zerver.models,zerver,zerver_realmauditlog,id,AutoField,zerver_realmauditlog,,,TRUE,,FALSE,FALSE,,,,,no,
RealmAuditLog,zerver.models,zerver,zerver_realmauditlog,event_time,DateTimeField,zerver_abstractrealmauditlog,,,FALSE,,FALSE,FALSE,,,,,no,
RealmAuditLog,zerver.models,zerver,zerver_realmauditlog,backfilled,BooleanField,zerver_abstractrealmauditlog,,,FALSE,,FALSE,FALSE,,,FALSE,,no,
RealmAuditLog,zerver.models,zerver,zerver_realmauditlog,extra_data,TextField,zerver_abstractrealmauditlog,,,FALSE,,FALSE,TRUE,,,,,no,
RealmAuditLog,zerver.models,zerver,zerver_realmauditlog,event_type,PositiveSmallIntegerField,zerver_abstractrealmauditlog,,,FALSE,,FALSE,FALSE,,,,,no,
RealmAuditLog,zerver.models,zerver,zerver_realmauditlog,realm,ForeignKey,zerver_realmauditlog,,,FALSE,,FALSE,FALSE,zerver_realm,,,CASCADE,no,
RealmAuditLog,zerver.models,zerver,zerver_realmauditlog,acting_user,ForeignKey,zerver_realmauditlog,,+,FALSE,,FALSE,TRUE,zerver_userprofile,,,CASCADE,no,
RealmAuditLog,zerver.models,zerver,zerver_realmauditlog,modified_user,ForeignKey,zerver_realmauditlog,,+,FALSE,,FALSE,TRUE,zerver_userprofile,,,CASCADE,no,
RealmAuditLog,zerver.models,zerver,zerver_realmauditlog,modified_stream,ForeignKey,zerver_realmauditlog,,,FALSE,,FALSE,TRUE,zerver_stream,,,CASCADE,no,
RealmAuditLog,zerver.models,zerver,zerver_realmauditlog,event_last_message_id,IntegerField,zerver_realmauditlog,,,FALSE,,FALSE,TRUE,,,,,no,
UserHotspot,zerver.models,zerver,zerver_userhotspot,id,AutoField,zerver_userhotspot,,,TRUE,,FALSE,FALSE,,,,,no,
UserHotspot,zerver.models,zerver,zerver_userhotspot,user,ForeignKey,zerver_userhotspot,,,FALSE,,FALSE,FALSE,zerver_userprofile,,,CASCADE,no,
UserHotspot,zerver.models,zerver,zerver_userhotspot,hotspot,CharField,zerver_userhotspot,,,FALSE,30,FALSE,FALSE,,,,,no,
UserHotspot,zerver.models,zerver,zerver_userhotspot,timestamp,DateTimeField,zerver_userhotspot,,,FALSE,,FALSE,FALSE,,,<function now at 0x7f8bbb015ee0>,,no,
CustomProfileField,zerver.models,zerver,zerver_customprofilefield,customprofilefieldvalue,ManyToOneRel,zerver_customprofilefield,,,,,,,zerver_customprofilefieldvalue,ForeignKey,,CASCADE,no,
CustomProfileField,zerver.models,zerver,zerver_customprofilefield,id,AutoField,zerver_customprofilefield,,,TRUE,,FALSE,FALSE,,,,,no,
CustomProfileField,zerver.models,zerver,zerver_customprofilefield,realm,ForeignKey,zerver_customprofilefield,,,FALSE,,FALSE,FALSE,zerver_realm,,,CASCADE,no,
CustomProfileField,zerver.models,zerver,zerver_customprofilefield,name,CharField,zerver_customprofilefield,,,FALSE,40,FALSE,FALSE,,,,,no,
CustomProfileField,zerver.models,zerver,zerver_customprofilefield,hint,CharField,zerver_customprofilefield,,,FALSE,80,FALSE,TRUE,,,,,no,
CustomProfileField,zerver.models,zerver,zerver_customprofilefield,order,IntegerField,zerver_customprofilefield,,,FALSE,,FALSE,FALSE,,,0,,no,
CustomProfileField,zerver.models,zerver,zerver_customprofilefield,field_type,PositiveSmallIntegerField,zerver_customprofilefield,,,FALSE,,FALSE,FALSE,,,1,,no,
CustomProfileField,zerver.models,zerver,zerver_customprofilefield,field_data,TextField,zerver_customprofilefield,,,FALSE,,FALSE,TRUE,,,,,no,
CustomProfileFieldValue,zerver.models,zerver,zerver_customprofilefieldvalue,id,AutoField,zerver_customprofilefieldvalue,,,TRUE,,FALSE,FALSE,,,,,no,
CustomProfileFieldValue,zerver.models,zerver,zerver_customprofilefieldvalue,user_profile,ForeignKey,zerver_customprofilefieldvalue,,,FALSE,,FALSE,FALSE,zerver_userprofile,,,CASCADE,no,
CustomProfileFieldValue,zerver.models,zerver,zerver_customprofilefieldvalue,field,ForeignKey,zerver_customprofilefieldvalue,,,FALSE,,FALSE,FALSE,zerver_customprofilefield,,,CASCADE,no,
CustomProfileFieldValue,zerver.models,zerver,zerver_customprofilefieldvalue,value,TextField,zerver_customprofilefieldvalue,,,FALSE,,FALSE,FALSE,,,,,no,
CustomProfileFieldValue,zerver.models,zerver,zerver_customprofilefieldvalue,rendered_value,TextField,zerver_customprofilefieldvalue,,,FALSE,,FALSE,TRUE,,,,,no,
Service,zerver.models,zerver,zerver_service,id,AutoField,zerver_service,,,TRUE,,FALSE,FALSE,,,,,no,
Service,zerver.models,zerver,zerver_service,name,CharField,zerver_service,,,FALSE,100,FALSE,FALSE,,,,,no,
Service,zerver.models,zerver,zerver_service,user_profile,ForeignKey,zerver_service,,,FALSE,,FALSE,FALSE,zerver_userprofile,,,CASCADE,no,
Service,zerver.models,zerver,zerver_service,base_url,TextField,zerver_service,,,FALSE,,FALSE,FALSE,,,,,no,
Service,zerver.models,zerver,zerver_service,token,TextField,zerver_service,,,FALSE,,FALSE,FALSE,,,,,no,
Service,zerver.models,zerver,zerver_service,interface,PositiveSmallIntegerField,zerver_service,,,FALSE,,FALSE,FALSE,,,1,,no,
BotStorageData,zerver.models,zerver,zerver_botstoragedata,id,AutoField,zerver_botstoragedata,,,TRUE,,FALSE,FALSE,,,,,no,
BotStorageData,zerver.models,zerver,zerver_botstoragedata,bot_profile,ForeignKey,zerver_botstoragedata,,,FALSE,,FALSE,FALSE,zerver_userprofile,,,CASCADE,no,
BotStorageData,zerver.models,zerver,zerver_botstoragedata,key,TextField,zerver_botstoragedata,,,FALSE,,FALSE,FALSE,,,,,no,
BotStorageData,zerver.models,zerver,zerver_botstoragedata,value,TextField,zerver_botstoragedata,,,FALSE,,FALSE,FALSE,,,,,no,
BotConfigData,zerver.models,zerver,zerver_botconfigdata,id,AutoField,zerver_botconfigdata,,,TRUE,,FALSE,FALSE,,,,,no,
BotConfigData,zerver.models,zerver,zerver_botconfigdata,bot_profile,ForeignKey,zerver_botconfigdata,,,FALSE,,FALSE,FALSE,zerver_userprofile,,,CASCADE,no,
BotConfigData,zerver.models,zerver,zerver_botconfigdata,key,TextField,zerver_botconfigdata,,,FALSE,,FALSE,FALSE,,,,,no,
BotConfigData,zerver.models,zerver,zerver_botconfigdata,value,TextField,zerver_botconfigdata,,,FALSE,,FALSE,FALSE,,,,,no,
AlertWord,zerver.models,zerver,zerver_alertword,id,AutoField,zerver_alertword,,,TRUE,,FALSE,FALSE,,,,,no,
AlertWord,zerver.models,zerver,zerver_alertword,realm,ForeignKey,zerver_alertword,,,FALSE,,FALSE,FALSE,zerver_realm,,,CASCADE,no,
AlertWord,zerver.models,zerver,zerver_alertword,user_profile,ForeignKey,zerver_alertword,,,FALSE,,FALSE,FALSE,zerver_userprofile,,,CASCADE,no,
AlertWord,zerver.models,zerver,zerver_alertword,word,TextField,zerver_alertword,,,FALSE,,FALSE,FALSE,,,,,no,
SCIMClient,zerver.models,zerver,zerver_scimclient,id,AutoField,zerver_scimclient,,,TRUE,,FALSE,FALSE,,,,,no,
SCIMClient,zerver.models,zerver,zerver_scimclient,realm,ForeignKey,zerver_scimclient,,,FALSE,,FALSE,FALSE,zerver_realm,,,CASCADE,no,
SCIMClient,zerver.models,zerver,zerver_scimclient,name,TextField,zerver_scimclient,,,FALSE,,FALSE,FALSE,,,,,no,
RealmAlias,zerver.models,zerver,zerver_realmalias,realm_id,ForeignKey,zerver_realmalias,,,FALSE,,FALSE,TRUE,zerver_realm,,,CASCADE,no,
BaseCount,zerver.models,zerver,analytics_count,property,CharField,analytics_count,,,FALSE,32,FALSE,FALSE,,,,,no,
BaseCount,zerver.models,zerver,analytics_count,subgroup,CharField,analytics_count,,,FALSE,16,FALSE,TRUE,,,,,no,
BaseCount,zerver.models,zerver,analytics_count,end_time,CharField,analytics_count,,,FALSE,16,FALSE,TRUE,,,,,no,
BaseCount,zerver.models,zerver,analytics_count,value,IntegerField,analytics_count,,,FALSE,,FALSE,FALSE,,,,,no,
RealmCount,zerver.models,zerver,analytics_realmcount,property,CharField,analytics_count,,,FALSE,32,FALSE,FALSE,,,,,no,
RealmCount,zerver.models,zerver,analytics_realmcount,subgroup,CharField,analytics_count,,,FALSE,16,FALSE,TRUE,,,,,no,
RealmCount,zerver.models,zerver,analytics_realmcount,end_time,CharField,analytics_count,,,FALSE,16,FALSE,TRUE,,,,,no,
RealmCount,zerver.models,zerver,analytics_realmcount,value,IntegerField,analytics_count,,,FALSE,,FALSE,FALSE,,,,,no,
InstallationCount,zerver.models,zerver,analytics_installationcount,property,CharField,analytics_count,,,FALSE,32,FALSE,FALSE,,,,,no,
InstallationCount,zerver.models,zerver,analytics_installationcount,subgroup,CharField,analytics_count,,,FALSE,16,FALSE,TRUE,,,,,no,
InstallationCount,zerver.models,zerver,analytics_installationcount,end_time,CharField,analytics_count,,,FALSE,16,FALSE,TRUE,,,,,no,
InstallationCount,zerver.models,zerver,analytics_installationcount,value,IntegerField,analytics_count,,,FALSE,,FALSE,FALSE,,,,,no,
UserCount,zerver.models,zerver,analytics_usercount,property,CharField,analytics_count,,,FALSE,32,FALSE,FALSE,,,,,no,
UserCount,zerver.models,zerver,analytics_usercount,subgroup,CharField,analytics_count,,,FALSE,16,FALSE,TRUE,,,,,no,
UserCount,zerver.models,zerver,analytics_usercount,end_time,CharField,analytics_count,,,FALSE,16,FALSE,TRUE,,,,,no,
UserCount,zerver.models,zerver,analytics_usercount,value,IntegerField,analytics_count,,,FALSE,,FALSE,FALSE,,,,,no,
StreamCount,zerver.models,zerver,analytics_streamcount,property,CharField,analytics_count,,,FALSE,32,FALSE,FALSE,,,,,no,
StreamCount,zerver.models,zerver,analytics_streamcount,subgroup,CharField,analytics_count,,,FALSE,16,FALSE,TRUE,,,,,no,
StreamCount,zerver.models,zerver,analytics_streamcount,end_time,CharField,analytics_count,,,FALSE,16,FALSE,TRUE,,,,,no,
StreamCount,zerver.models,zerver,analytics_streamcount,value,IntegerField,analytics_count,,,FALSE,,FALSE,FALSE,,,,,no,